window_row,channel,segment,start_index,subset,segment_anomaly,use_for_ae_fit
897,CADC0872,10,184,train,0,True
1649,CADC0872,23,144,train,0,True
1738,CADC0872,25,60,train,0,True
1862,CADC0872,27,140,train,0,True
2086,CADC0872,32,44,train,0,True
2141,CADC0872,33,64,train,0,True
2164,CADC0872,33,156,train,0,True
2298,CADC0872,36,56,train,0,True
2318,CADC0872,36,136,train,0,True
2339,CADC0872,37,8,train,0,True
2350,CADC0872,37,52,train,0,True
2376,CADC0872,37,156,train,0,True
2489,CADC0872,40,20,train,0,True
2563,CADC0872,41,136,train,0,True
2723,CADC0872,45,12,train,0,True
2789,CADC0872,46,84,train,0,True
2792,CADC0872,46,96,train,0,True
2874,CADC0872,48,56,train,0,True
3105,CADC0872,53,0,train,0,True
3127,CADC0872,53,88,train,0,True
3150,CADC0872,53,180,train,0,True
3367,CADC0872,58,128,train,0,True
3797,CADC0872,68,8,train,0,True
3826,CADC0872,68,124,train,0,True
3860,CADC0872,69,76,train,0,True
3869,CADC0872,69,112,train,0,True
4253,CADC0872,78,36,train,0,True
4261,CADC0872,78,68,train,0,True
4520,CADC0872,84,24,train,0,True
4563,CADC0872,85,20,train,0,True
4916,CADC0872,93,48,train,0,True
4938,CADC0872,93,136,train,0,True
5224,CADC0872,100,40,train,0,True
5629,CADC0872,109,112,train,0,True
5788,CADC0872,113,68,train,0,True
5949,CADC0872,117,12,train,0,True
6223,CADC0872,123,64,train,0,True
6460,CADC0872,128,128,train,0,True
6527,CADC0872,130,24,train,0,True
6538,CADC0872,130,68,train,0,True
6553,CADC0872,130,128,train,0,True
6898,CADC0872,138,64,train,0,True
7206,CADC0872,144,144,train,0,True
7426,CADC0872,149,4,train,0,True
7645,CADC0872,153,68,train,0,True
7681,CADC0872,153,212,train,0,True
7696,CADC0872,154,56,train,0,True
7704,CADC0872,154,88,train,0,True
7721,CADC0872,154,156,train,0,True
7838,CADC0872,157,16,train,0,True
7844,CADC0872,157,40,train,0,True
7861,CADC0872,157,108,train,0,True
7866,CADC0872,157,128,train,0,True
8064,CADC0872,161,44,train,0,True
8071,CADC0872,161,72,train,0,True
8086,CADC0872,161,132,train,0,True
8111,CADC0872,161,229,train,0,True
8258,CADC0872,164,120,train,0,True
8262,CADC0872,164,136,train,0,True
8269,CADC0872,164,164,train,0,True
8565,CADC0872,169,220,train,0,True
8566,CADC0872,169,224,train,0,True
8698,CADC0872,171,268,train,0,True
8700,CADC0872,171,276,train,0,True
8778,CADC0872,173,24,train,0,True
8974,CADC0872,175,248,train,0,True
9058,CADC0872,177,76,train,0,True
9096,CADC0872,177,228,train,0,True
9146,CADC0872,178,144,train,0,True
9250,CADC0872,180,40,train,0,True
9281,CADC0872,180,164,train,0,True
9298,CADC0872,180,232,train,0,True
9842,CADC0872,187,92,train,0,True
9859,CADC0872,187,160,train,0,True
10588,CADC0872,196,56,train,0,True
10590,CADC0872,196,64,train,0,True
10639,CADC0872,196,260,train,0,True
11044,CADC0872,200,188,train,0,True
11100,CADC0872,200,412,train,0,True
11742,CADC0872,208,40,train,0,True
11761,CADC0872,208,116,train,0,True
11772,CADC0872,208,160,train,0,True
11812,CADC0872,208,320,train,0,True
11834,CADC0872,208,408,train,0,True
11844,CADC0872,208,448,train,0,True
12070,CADC0872,211,80,train,0,True
12114,CADC0872,211,256,train,0,True
12239,CADC0872,213,88,train,0,True
12287,CADC0872,213,280,train,0,True
12297,CADC0872,213,320,train,0,True
12509,CADC0872,215,328,train,0,True
12682,CADC0872,217,168,train,0,True
12693,CADC0872,217,212,train,0,True
12931,CADC0872,1797,24,train,0,True
12933,CADC0872,1797,32,train,0,True
12951,CADC0872,1797,104,train,0,True
13001,CADC0872,1799,44,train,0,True
13030,CADC0872,1799,160,train,0,True
13078,CADC0872,1801,24,train,0,True
13102,CADC0872,1801,120,train,0,True
13103,CADC0872,1801,124,train,0,True
13124,CADC0872,1801,208,train,0,True
13159,CADC0872,1802,84,train,0,True
13166,CADC0872,1802,112,train,0,True
13314,CADC0872,1806,72,train,0,True
13342,CADC0872,1807,72,train,0,True
13376,CADC0872,1808,108,train,0,True
13565,CADC0872,1813,150,train,0,True
13575,CADC0872,1814,36,train,0,True
13749,CADC0872,1824,4,train,0,True
13805,CADC0872,1839,4,train,0,True
13908,CADC0872,1865,4,train,0,True
13931,CADC0872,1871,4,train,0,True
13933,CADC0872,1871,12,train,0,True
13948,CADC0872,1875,8,train,0,True
14035,CADC0872,1896,10,train,0,True
14071,CADC0872,1905,4,train,0,True
14101,CADC0872,1912,4,train,0,True
14205,CADC0872,1936,8,train,0,True
14413,CADC0872,1943,112,train,0,True
14877,CADC0872,1966,36,train,0,True
15034,CADC0872,1981,36,train,0,True
15056,CADC0872,1983,32,train,0,True
15242,CADC0872,1998,68,train,0,True
15285,CADC0872,2001,16,train,0,True
15591,CADC0872,2027,8,train,0,True
15812,CADC0872,2047,20,train,0,True
15815,CADC0872,2047,32,train,0,True
15903,CADC0872,2055,24,train,0,True
16226,CADC0872,2100,8,train,0,True
16600,CADC0873,445,132,train,0,True
16629,CADC0873,445,247,train,0,True
17293,CADC0873,454,36,train,0,True
17298,CADC0873,454,56,train,0,True
17300,CADC0873,454,64,train,0,True
17393,CADC0873,455,144,train,0,True
17441,CADC0873,456,112,train,0,True
17673,CADC0873,460,168,train,0,True
18230,CADC0873,470,148,train,0,True
18333,CADC0873,472,180,train,0,True
18557,CADC0873,477,68,train,0,True
18646,CADC0873,479,20,train,0,True
18680,CADC0873,479,156,train,0,True
18684,CADC0873,479,172,train,0,True
18737,CADC0873,480,160,train,0,True
18749,CADC0873,481,12,train,0,True
18882,CADC0873,483,148,train,0,True
18891,CADC0873,483,184,train,0,True
18945,CADC0873,485,32,train,0,True
18991,CADC0873,486,16,train,0,True
19004,CADC0873,486,68,train,0,True
19100,CADC0873,488,84,train,0,True
19133,CADC0873,489,20,train,0,True
19156,CADC0873,489,112,train,0,True
19229,CADC0873,491,32,train,0,True
19279,CADC0873,492,32,train,0,True
19920,CADC0873,505,156,train,0,True
20100,CADC0873,509,144,train,0,True
20135,CADC0873,510,88,train,0,True
20174,CADC0873,511,52,train,0,True
20351,CADC0873,515,52,train,0,True
20614,CADC0873,521,20,train,0,True
20714,CADC0873,523,48,train,0,True
20719,CADC0873,523,68,train,0,True
20904,CADC0873,527,112,train,0,True
20947,CADC0873,528,100,train,0,True
20964,CADC0873,528,166,train,0,True
21060,CADC0873,531,32,train,0,True
21063,CADC0873,531,44,train,0,True
21094,CADC0873,531,168,train,0,True
21113,CADC0873,532,68,train,0,True
21120,CADC0873,532,96,train,0,True
21310,CADC0873,536,164,train,0,True
21560,CADC0873,542,108,train,0,True
21622,CADC0873,544,0,train,0,True
21624,CADC0873,544,8,train,0,True
21639,CADC0873,544,68,train,0,True
21952,CADC0873,551,132,train,0,True
22003,CADC0873,552,160,train,0,True
22127,CADC0873,555,128,train,0,True
22326,CADC0873,560,60,train,0,True
22383,CADC0873,561,112,train,0,True
22460,CADC0873,563,72,train,0,True
22634,CADC0873,567,68,train,0,True
22998,CADC0873,575,92,train,0,True
23007,CADC0873,575,128,train,0,True
23277,CADC0873,581,144,train,0,True
23285,CADC0873,581,176,train,0,True
23409,CADC0873,584,108,train,0,True
23666,CADC0873,589,156,train,0,True
23990,CADC0873,596,28,train,0,True
24036,CADC0873,597,12,train,0,True
24047,CADC0873,597,56,train,0,True
24084,CADC0873,597,204,train,0,True
24114,CADC0873,598,112,train,0,True
24140,CADC0873,599,16,train,0,True
25266,CADC0873,618,72,train,0,True
25277,CADC0873,618,116,train,0,True
25302,CADC0873,618,216,train,0,True
25522,CADC0873,622,28,train,0,True
25546,CADC0873,622,124,train,0,True
25558,CADC0873,622,172,train,0,True
25567,CADC0873,622,208,train,0,True
25667,CADC0873,624,80,train,0,True
25699,CADC0873,624,208,train,0,True
25717,CADC0873,624,280,train,0,True
25799,CADC0873,625,308,train,0,True
26256,CADC0873,631,132,train,0,True
26293,CADC0873,631,280,train,0,True
26661,CADC0873,636,60,train,0,True
27042,CADC0873,640,244,train,0,True
27410,CADC0873,644,44,train,0,True
27468,CADC0873,644,276,train,0,True
28075,CADC0873,651,124,train,0,True
28617,CADC0873,656,312,train,0,True
28874,CADC0873,659,144,train,0,True
28887,CADC0873,659,196,train,0,True
28910,CADC0873,659,288,train,0,True
28913,CADC0873,659,300,train,0,True
29756,CADC0873,1027,164,train,0,True
29776,CADC0873,1028,48,train,0,True
29957,CADC0873,1035,4,train,0,True
29960,CADC0873,1035,16,train,0,True
30214,CADC0873,1179,16,train,0,True
30216,CADC0873,1179,24,train,0,True
30379,CADC0873,1185,56,train,0,True
30473,CADC0873,1188,84,train,0,True
30477,CADC0873,1188,100,train,0,True
30649,CADC0873,1196,44,train,0,True
30891,CADC0873,1217,24,train,0,True
30962,CADC0873,1224,12,train,0,True
31048,CADC0873,1232,36,train,0,True
31112,CADC0873,1239,24,train,0,True
31239,CADC0873,1251,20,train,0,True
31284,CADC0873,1254,32,train,0,True
31798,CADC0873,1300,32,train,0,True
31799,CADC0873,1300,36,train,0,True
31816,CADC0873,1302,16,train,0,True
31818,CADC0873,1302,24,train,0,True
31845,CADC0873,1305,0,train,0,True
31912,CADC0873,1310,46,train,0,True
31986,CADC0873,1317,8,train,0,True
32084,CADC0873,1325,8,train,0,True
32086,CADC0873,1325,16,train,0,True
32255,CADC0873,1349,8,train,0,True
32319,CADC0873,1363,4,train,0,True
32340,CADC0873,1367,8,train,0,True
32396,CADC0873,1378,15,train,0,True
32433,CADC0873,1386,8,train,0,True
32455,CADC0873,1390,14,train,0,True
32501,CADC0873,1400,16,train,0,True
32537,CADC0873,1409,6,train,0,True
32610,CADC0873,1431,8,train,0,True
32682,CADC0873,1454,4,train,0,True
32692,CADC0873,1457,0,train,0,True
32779,CADC0873,1479,12,train,0,True
32919,CADC0873,1507,0,train,0,True
32934,CADC0873,1508,12,train,0,True
33012,CADC0873,1515,20,train,0,True
33030,CADC0873,1517,0,train,0,True
33333,CADC0874,240,100,train,0,True
33384,CADC0874,240,304,train,0,True
33599,CADC0874,242,172,train,0,True
33620,CADC0874,242,256,train,0,True
33631,CADC0874,242,300,train,0,True
33634,CADC0874,242,312,train,0,True
33641,CADC0874,242,340,train,0,True
33666,CADC0874,242,440,train,0,True
33680,CADC0874,242,496,train,0,True
34136,CADC0874,245,268,train,0,True
34158,CADC0874,245,356,train,0,True
34166,CADC0874,245,388,train,0,True
34173,CADC0874,245,416,train,0,True
34185,CADC0874,245,464,train,0,True
34934,CADC0874,251,60,train,0,True
35012,CADC0874,251,372,train,0,True
35033,CADC0874,251,456,train,0,True
35035,CADC0874,251,463,train,0,True
35307,CADC0874,254,24,train,0,True
35336,CADC0874,254,140,train,0,True
35344,CADC0874,254,172,train,0,True
35379,CADC0874,254,312,train,0,True
35392,CADC0874,254,364,train,0,True
35414,CADC0874,254,452,train,0,True
35679,CADC0874,257,12,train,0,True
35697,CADC0874,257,84,train,0,True
35711,CADC0874,257,140,train,0,True
35724,CADC0874,257,192,train,0,True
35849,CADC0874,258,220,train,0,True
35879,CADC0874,258,340,train,0,True
35881,CADC0874,258,348,train,0,True
35893,CADC0874,258,396,train,0,True
35899,CADC0874,258,420,train,0,True
35927,CADC0874,259,16,train,0,True
35941,CADC0874,259,72,train,0,True
36003,CADC0874,259,320,train,0,True
36046,CADC0874,259,492,train,0,True
36049,CADC0874,259,504,train,0,True
36361,CADC0874,262,244,train,0,True
36376,CADC0874,262,304,train,0,True
36406,CADC0874,262,421,train,0,True
36888,CADC0874,267,24,train,0,True
36911,CADC0874,267,116,train,0,True
36923,CADC0874,267,164,train,0,True
36948,CADC0874,267,264,train,0,True
36986,CADC0874,267,416,train,0,True
37021,CADC0874,268,100,train,0,True
37091,CADC0874,268,380,train,0,True
37095,CADC0874,268,396,train,0,True
37098,CADC0874,268,408,train,0,True
37370,CADC0874,271,156,train,0,True
37383,CADC0874,271,208,train,0,True
37391,CADC0874,271,240,train,0,True
37442,CADC0874,271,444,train,0,True
37706,CADC0874,274,112,train,0,True
37730,CADC0874,274,208,train,0,True
37743,CADC0874,274,260,train,0,True
37791,CADC0874,275,40,train,0,True
37797,CADC0874,275,64,train,0,True
37834,CADC0874,275,212,train,0,True
38442,CADC0874,281,8,train,0,True
38445,CADC0874,281,20,train,0,True
38503,CADC0874,281,252,train,0,True
38530,CADC0874,281,360,train,0,True
39115,CADC0874,287,96,train,0,True
39153,CADC0874,287,248,train,0,True
39154,CADC0874,287,252,train,0,True
39177,CADC0874,287,344,train,0,True
39196,CADC0874,287,420,train,0,True
40861,CADC0874,302,136,train,0,True
40863,CADC0874,302,144,train,0,True
40883,CADC0874,302,224,train,0,True
40992,CADC0874,303,148,train,0,True
40995,CADC0874,303,160,train,0,True
41038,CADC0874,303,332,train,0,True
41047,CADC0874,303,368,train,0,True
41052,CADC0874,303,388,train,0,True
41069,CADC0874,303,456,train,0,True
43028,CADC0874,317,256,train,0,True
43058,CADC0874,317,376,train,0,True
43099,CADC0874,317,540,train,0,True
44158,CADC0874,323,72,train,0,True
44177,CADC0874,323,148,train,0,True
44284,CADC0874,323,576,train,0,True
45624,CADC0874,331,28,train,0,True
45631,CADC0874,331,56,train,0,True
45644,CADC0874,331,108,train,0,True
45663,CADC0874,331,184,train,0,True
45772,CADC0874,331,620,train,0,True
45775,CADC0874,331,632,train,0,True
45817,CADC0874,332,28,train,0,True
45830,CADC0874,332,80,train,0,True
46023,CADC0874,713,12,train,0,True
46025,CADC0874,713,20,train,0,True
46041,CADC0874,713,84,train,0,True
46052,CADC0874,713,128,train,0,True
46072,CADC0874,714,56,train,0,True
46091,CADC0874,714,132,train,0,True
46096,CADC0874,714,152,train,0,True
46144,CADC0874,716,28,train,0,True
46189,CADC0874,718,16,train,0,True
46226,CADC0874,719,48,train,0,True
46230,CADC0874,719,64,train,0,True
46238,CADC0874,719,96,train,0,True
46291,CADC0874,721,60,train,0,True
46299,CADC0874,721,92,train,0,True
46351,CADC0874,723,44,train,0,True
46356,CADC0874,723,64,train,0,True
46470,CADC0874,727,20,train,0,True
46472,CADC0874,727,28,train,0,True
46539,CADC0874,729,52,train,0,True
46545,CADC0874,729,76,train,0,True
46557,CADC0874,730,4,train,0,True
46800,CADC0874,739,24,train,0,True
46814,CADC0874,740,0,train,0,True
46828,CADC0874,740,56,train,0,True
46881,CADC0874,743,48,train,0,True
46892,CADC0874,744,28,train,0,True
46932,CADC0874,747,12,train,0,True
46937,CADC0874,747,32,train,0,True
47103,CADC0874,760,4,train,0,True
47107,CADC0874,760,20,train,0,True
47218,CADC0874,770,41,train,0,True
47234,CADC0874,772,20,train,0,True
47383,CADC0874,786,4,train,0,True
47387,CADC0874,786,20,train,0,True
47394,CADC0874,787,8,train,0,True
47415,CADC0874,789,4,train,0,True
47440,CADC0874,791,16,train,0,True
47588,CADC0874,806,32,train,0,True
47622,CADC0884,333,0,train,0,True
47629,CADC0884,333,28,train,0,True
47631,CADC0884,333,36,train,0,True
47641,CADC0884,333,76,train,0,True
47642,CADC0884,333,80,train,0,True
47646,CADC0884,333,96,train,0,True
47649,CADC0884,334,0,train,0,True
47661,CADC0884,334,48,train,0,True
47670,CADC0884,334,84,train,0,True
47674,CADC0884,334,100,train,0,True
47682,CADC0884,335,24,train,0,True
47690,CADC0884,335,56,train,0,True
47693,CADC0884,335,68,train,0,True
47694,CADC0884,335,72,train,0,True
47734,CADC0884,337,20,train,0,True
47738,CADC0884,337,36,train,0,True
47744,CADC0884,337,60,train,0,True
47821,CADC0884,340,56,train,0,True
47824,CADC0884,340,68,train,0,True
47829,CADC0884,340,88,train,0,True
47846,CADC0884,341,56,train,0,True
47850,CADC0884,341,72,train,0,True
47856,CADC0884,341,95,train,0,True
47865,CADC0884,342,32,train,0,True
47868,CADC0884,342,44,train,0,True
47871,CADC0884,342,56,train,0,True
47873,CADC0884,342,64,train,0,True
47878,CADC0884,342,84,train,0,True
47909,CADC0884,344,24,train,0,True
47921,CADC0884,344,72,train,0,True
47922,CADC0884,344,76,train,0,True
47935,CADC0884,345,28,train,0,True
47959,CADC0884,346,32,train,0,True
47963,CADC0884,346,48,train,0,True
48028,CADC0884,349,40,train,0,True
48029,CADC0884,349,44,train,0,True
48041,CADC0884,350,8,train,0,True
48140,CADC0884,354,64,train,0,True
48141,CADC0884,354,68,train,0,True
48148,CADC0884,355,12,train,0,True
48153,CADC0884,355,32,train,0,True
48236,CADC0884,359,44,train,0,True
48286,CADC0884,362,4,train,0,True
48287,CADC0884,362,8,train,0,True
48300,CADC0884,362,60,train,0,True
48303,CADC0884,362,72,train,0,True
48305,CADC0884,363,0,train,0,True
48313,CADC0884,363,32,train,0,True
48354,CADC0884,365,40,train,0,True
48462,CADC0884,371,4,train,0,True
48519,CADC0884,374,4,train,0,True
48577,CADC0884,377,16,train,0,True
48597,CADC0884,378,24,train,0,True
48635,CADC0884,380,32,train,0,True
48688,CADC0884,383,16,train,0,True
48698,CADC0884,383,56,train,0,True
48724,CADC0884,385,8,train,0,True
48729,CADC0884,385,28,train,0,True
48737,CADC0884,385,60,train,0,True
48739,CADC0884,385,66,train,0,True
48743,CADC0884,386,12,train,0,True
48747,CADC0884,386,28,train,0,True
48830,CADC0884,390,68,train,0,True
48849,CADC0884,391,60,train,0,True
48870,CADC0884,393,4,train,0,True
48880,CADC0884,393,44,train,0,True
48889,CADC0884,394,8,train,0,True
48929,CADC0884,396,12,train,0,True
48944,CADC0884,396,72,train,0,True
48997,CADC0884,399,48,train,0,True
49046,CADC0884,402,0,train,0,True
49130,CADC0884,405,80,train,0,True
49159,CADC0884,407,32,train,0,True
49164,CADC0884,407,52,train,0,True
49176,CADC0884,408,16,train,0,True
49208,CADC0884,409,60,train,0,True
49209,CADC0884,409,64,train,0,True
49251,CADC0884,411,56,train,0,True
49253,CADC0884,411,64,train,0,True
49264,CADC0884,412,16,train,0,True
49278,CADC0884,412,72,train,0,True
49282,CADC0884,413,0,train,0,True
49284,CADC0884,413,8,train,0,True
49305,CADC0884,414,0,train,0,True
49327,CADC0884,414,88,train,0,True
49362,CADC0884,416,40,train,0,True
49367,CADC0884,416,60,train,0,True
49409,CADC0884,418,36,train,0,True
49424,CADC0884,419,0,train,0,True
49496,CADC0884,422,0,train,0,True
49511,CADC0884,422,60,train,0,True
49523,CADC0884,423,20,train,0,True
49529,CADC0884,423,44,train,0,True
49530,CADC0884,423,48,train,0,True
49545,CADC0884,424,8,train,0,True
49558,CADC0884,424,60,train,0,True
49591,CADC0884,425,99,train,0,True
49598,CADC0884,426,24,train,0,True
49599,CADC0884,426,28,train,0,True
49604,CADC0884,426,48,train,0,True
49609,CADC0884,426,68,train,0,True
49652,CADC0884,428,8,train,0,True
49659,CADC0884,428,36,train,0,True
49660,CADC0884,428,40,train,0,True
49673,CADC0884,428,92,train,0,True
49677,CADC0884,428,108,train,0,True
49757,CADC0884,431,64,train,0,True
49765,CADC0884,431,96,train,0,True
49774,CADC0884,431,132,train,0,True
49775,CADC0884,432,0,train,0,True
49776,CADC0884,432,4,train,0,True
49786,CADC0884,432,44,train,0,True
49799,CADC0884,432,96,train,0,True
49906,CADC0884,435,88,train,0,True
49920,CADC0884,435,144,train,0,True
50135,CADC0884,441,56,train,0,True
50136,CADC0884,441,60,train,0,True
50143,CADC0884,441,88,train,0,True
50185,CADC0884,442,96,train,0,True
50191,CADC0884,442,120,train,0,True
50196,CADC0884,442,140,train,0,True
50248,CADC0884,674,4,train,0,True
50263,CADC0884,677,12,train,0,True
50276,CADC0884,681,0,train,0,True
50299,CADC0884,686,8,train,0,True
50300,CADC0884,686,10,train,0,True
50335,CADC0884,695,4,train,0,True
50339,CADC0884,696,4,train,0,True
50371,CADC0884,702,20,train,0,True
50375,CADC0884,702,36,train,0,True
50469,CADC0886,810,0,train,0,True
50470,CADC0886,810,4,train,0,True
50471,CADC0886,810,8,train,0,True
50472,CADC0886,810,12,train,0,True
50473,CADC0886,810,16,train,0,True
50474,CADC0886,810,20,train,0,True
50475,CADC0886,810,24,train,0,True
50476,CADC0886,810,28,train,0,True
50477,CADC0886,810,30,train,0,True
50478,CADC0886,811,0,train,0,True
50479,CADC0886,811,4,train,0,True
50480,CADC0886,811,8,train,0,True
50481,CADC0886,811,12,train,0,True
50482,CADC0886,811,16,train,0,True
50483,CADC0886,811,20,train,0,True
50484,CADC0886,811,24,train,0,True
50485,CADC0886,811,28,train,0,True
50486,CADC0886,811,30,train,0,True
50512,CADC0886,815,0,train,0,True
50513,CADC0886,815,4,train,0,True
50514,CADC0886,815,8,train,0,True
50515,CADC0886,815,12,train,0,True
50516,CADC0886,815,16,train,0,True
50517,CADC0886,815,20,train,0,True
50518,CADC0886,815,24,train,0,True
50519,CADC0886,815,28,train,0,True
50520,CADC0886,815,30,train,0,True
50521,CADC0886,816,0,train,0,True
50522,CADC0886,816,4,train,0,True
50523,CADC0886,816,8,train,0,True
50524,CADC0886,816,12,train,0,True
50525,CADC0886,816,16,train,0,True
50526,CADC0886,816,20,train,0,True
50527,CADC0886,816,24,train,0,True
50528,CADC0886,816,28,train,0,True
50529,CADC0886,816,29,train,0,True
50580,CADC0888,1046,4,train,0,True
50584,CADC0888,1048,0,train,0,True
50590,CADC0888,1050,4,train,0,True
50612,CADC0888,1060,0,train,0,True
50614,CADC0888,1061,0,train,0,True
50616,CADC0888,1062,0,train,0,True
50642,CADC0888,1076,0,train,0,True
50683,CADC0888,1082,0,train,0,True
50713,CADC0888,1084,8,train,0,True
50749,CADC0888,1086,44,train,0,True
50751,CADC0888,1086,52,train,0,True
50767,CADC0888,1088,8,train,0,True
50795,CADC0888,1090,32,train,0,True
50811,CADC0888,1092,12,train,0,True
50812,CADC0888,1092,16,train,0,True
50839,CADC0888,1094,36,train,0,True
50842,CADC0888,1094,47,train,0,True
50898,CADC0888,1523,56,train,0,True
50928,CADC0888,1526,8,train,0,True
50934,CADC0888,1526,32,train,0,True
50961,CADC0888,1529,4,train,0,True
50964,CADC0888,1529,16,train,0,True
50983,CADC0888,1531,8,train,0,True
51016,CADC0888,1534,8,train,0,True
51027,CADC0888,1535,4,train,0,True
51031,CADC0888,1535,20,train,0,True
51089,CADC0888,1540,41,train,0,True
51092,CADC0888,1541,8,train,0,True
51130,CADC0888,1545,12,train,0,True
51136,CADC0888,1545,36,train,0,True
51151,CADC0888,1547,16,train,0,True
51157,CADC0888,1547,40,train,0,True
51165,CADC0888,1548,24,train,0,True
51203,CADC0888,1552,16,train,0,True
51208,CADC0888,1553,0,train,0,True
51233,CADC0888,1556,0,train,0,True
51239,CADC0888,1556,24,train,0,True
51281,CADC0888,1561,12,train,0,True
51297,CADC0888,1563,4,train,0,True
51301,CADC0888,1563,20,train,0,True
51319,CADC0888,1565,20,train,0,True
51328,CADC0888,1566,12,train,0,True
51331,CADC0888,1566,24,train,0,True
51385,CADC0888,1572,4,train,0,True
51424,CADC0888,1576,28,train,0,True
51425,CADC0888,1576,32,train,0,True
51436,CADC0888,1578,8,train,0,True
51464,CADC0888,1581,16,train,0,True
51483,CADC0888,1583,32,train,0,True
51488,CADC0888,1583,52,train,0,True
51512,CADC0888,1586,4,train,0,True
51514,CADC0888,1586,12,train,0,True
51575,CADC0888,1593,4,train,0,True
51612,CADC0888,1597,12,train,0,True
51615,CADC0888,1597,24,train,0,True
51631,CADC0888,1599,20,train,0,True
51633,CADC0888,1599,28,train,0,True
51691,CADC0888,1606,8,train,0,True
51704,CADC0888,1608,4,train,0,True
51719,CADC0888,1609,8,train,0,True
51725,CADC0888,1609,32,train,0,True
51726,CADC0888,1609,36,train,0,True
51904,CADC0888,1624,24,train,0,True
51911,CADC0888,1624,52,train,0,True
51945,CADC0888,1627,20,train,0,True
51947,CADC0888,1627,28,train,0,True
51948,CADC0888,1627,32,train,0,True
51952,CADC0888,1627,48,train,0,True
51958,CADC0888,1628,16,train,0,True
52054,CADC0888,1635,8,train,0,True
52089,CADC0888,1637,28,train,0,True
52092,CADC0888,1637,40,train,0,True
52094,CADC0888,1637,48,train,0,True
52141,CADC0888,1640,58,train,0,True
52191,CADC0888,1644,16,train,0,True
52200,CADC0888,1644,52,train,0,True
52258,CADC0888,1648,4,train,0,True
52259,CADC0888,1648,8,train,0,True
52290,CADC0888,1650,4,train,0,True
52294,CADC0888,1650,20,train,0,True
52296,CADC0888,1650,28,train,0,True
52302,CADC0888,1650,52,train,0,True
52329,CADC0888,1652,28,train,0,True
52339,CADC0888,1654,4,train,0,True
52365,CADC0888,1655,28,train,0,True
52373,CADC0888,1655,60,train,0,True
52390,CADC0888,1656,48,train,0,True
52442,CADC0888,1660,4,train,0,True
52449,CADC0888,1660,32,train,0,True
52565,CADC0888,1670,16,train,0,True
52575,CADC0888,1670,56,train,0,True
52582,CADC0888,1670,84,train,0,True
52590,CADC0888,1671,24,train,0,True
52600,CADC0888,1671,64,train,0,True
52634,CADC0888,1674,4,train,0,True
52646,CADC0888,1674,52,train,0,True
52655,CADC0888,1675,20,train,0,True
52676,CADC0888,1677,0,train,0,True
52692,CADC0888,1678,0,train,0,True
52693,CADC0888,1678,4,train,0,True
52697,CADC0888,1678,20,train,0,True
52721,CADC0888,1680,8,train,0,True
52724,CADC0888,1680,20,train,0,True
52725,CADC0888,1680,24,train,0,True
52738,CADC0888,1681,32,train,0,True
52742,CADC0888,1681,48,train,0,True
52755,CADC0888,1682,28,train,0,True
52760,CADC0888,1682,46,train,0,True
52762,CADC0888,1683,4,train,0,True
52780,CADC0888,1684,8,train,0,True
52781,CADC0888,1684,12,train,0,True
52789,CADC0888,1684,44,train,0,True
52848,CADC0888,1688,40,train,0,True
52887,CADC0888,1691,24,train,0,True
52890,CADC0888,1691,36,train,0,True
52893,CADC0888,1691,48,train,0,True
52902,CADC0888,1691,84,train,0,True
52910,CADC0888,1692,24,train,0,True
52927,CADC0888,1693,28,train,0,True
52933,CADC0888,1693,52,train,0,True
52998,CADC0888,1697,40,train,0,True
53105,CADC0888,1703,24,train,0,True
53144,CADC0888,1705,36,train,0,True
53145,CADC0888,1705,40,train,0,True
53155,CADC0888,1706,0,train,0,True
53163,CADC0888,1706,32,train,0,True
53173,CADC0888,1706,72,train,0,True
53174,CADC0888,1706,76,train,0,True
53177,CADC0888,1706,88,train,0,True
53367,CADC0890,1720,0,train,0,True
53368,CADC0890,1720,4,train,0,True
53369,CADC0890,1720,8,train,0,True
53370,CADC0890,1720,12,train,0,True
53371,CADC0890,1720,16,train,0,True
53372,CADC0890,1720,20,train,0,True
53373,CADC0890,1720,24,train,0,True
53374,CADC0890,1720,28,train,0,True
53375,CADC0890,1720,32,train,0,True
53376,CADC0890,1720,36,train,0,True
53377,CADC0890,1720,40,train,0,True
53390,CADC0890,1722,0,train,0,True
53391,CADC0890,1722,4,train,0,True
53392,CADC0890,1722,8,train,0,True
53393,CADC0890,1722,12,train,0,True
53394,CADC0890,1722,16,train,0,True
53395,CADC0890,1722,20,train,0,True
53396,CADC0890,1722,24,train,0,True
53397,CADC0890,1722,28,train,0,True
53398,CADC0890,1722,32,train,0,True
53399,CADC0890,1722,36,train,0,True
53400,CADC0890,1722,40,train,0,True
53436,CADC0892,219,0,train,0,True
53443,CADC0892,219,28,train,0,True
53445,CADC0892,219,36,train,0,True
53609,CADC0892,234,16,train,0,True
53670,CADC0892,821,104,train,0,True
53698,CADC0892,821,216,train,0,True
53804,CADC0892,823,76,train,0,True
53836,CADC0892,823,204,train,0,True
53948,CADC0892,825,76,train,0,True
53969,CADC0892,825,160,train,0,True
53970,CADC0892,825,164,train,0,True
54024,CADC0892,826,96,train,0,True
54027,CADC0892,826,108,train,0,True
54056,CADC0892,826,224,train,0,True
54601,CADC0892,837,8,train,0,True
54609,CADC0892,837,40,train,0,True
54661,CADC0892,838,16,train,0,True
54662,CADC0892,838,20,train,0,True
54667,CADC0892,838,40,train,0,True
54875,CADC0892,842,28,train,0,True
54950,CADC0892,843,100,train,0,True
54963,CADC0892,843,152,train,0,True
55018,CADC0892,844,212,train,0,True
55107,CADC0892,846,152,train,0,True
55139,CADC0892,847,64,train,0,True
55190,CADC0892,848,64,train,0,True
55386,CADC0892,851,200,train,0,True
55560,CADC0892,855,104,train,0,True
55705,CADC0892,858,132,train,0,True
55707,CADC0892,858,140,train,0,True
55711,CADC0892,858,156,train,0,True
55878,CADC0892,862,144,train,0,True
56043,CADC0892,866,80,train,0,True
56052,CADC0892,866,116,train,0,True
56069,CADC0892,867,28,train,0,True
56072,CADC0892,867,40,train,0,True
56102,CADC0892,867,160,train,0,True
56308,CADC0892,872,144,train,0,True
56318,CADC0892,873,4,train,0,True
56329,CADC0892,873,48,train,0,True
56475,CADC0892,876,156,train,0,True
56534,CADC0892,878,24,train,0,True
56595,CADC0892,879,48,train,0,True
56608,CADC0892,879,100,train,0,True
56627,CADC0892,880,8,train,0,True
56629,CADC0892,880,16,train,0,True
56663,CADC0892,880,152,train,0,True
56666,CADC0892,880,164,train,0,True
56956,CADC0892,887,72,train,0,True
57019,CADC0892,889,28,train,0,True
57021,CADC0892,889,36,train,0,True
57029,CADC0892,889,68,train,0,True
57040,CADC0892,889,112,train,0,True
57061,CADC0892,889,196,train,0,True
57114,CADC0892,890,128,train,0,True
57121,CADC0892,890,156,train,0,True
57129,CADC0892,890,188,train,0,True
57205,CADC0892,892,84,train,0,True
57539,CADC0892,899,128,train,0,True
57601,CADC0892,901,72,train,0,True
57891,CADC0892,906,52,train,0,True
57914,CADC0892,906,144,train,0,True
57923,CADC0892,906,180,train,0,True
58048,CADC0892,909,164,train,0,True
58086,CADC0892,910,104,train,0,True
58098,CADC0892,910,152,train,0,True
58107,CADC0892,910,188,train,0,True
58470,CADC0892,916,88,train,0,True
58498,CADC0892,916,200,train,0,True
58576,CADC0892,917,264,train,0,True
58589,CADC0892,918,40,train,0,True
58606,CADC0892,918,108,train,0,True
58799,CADC0892,921,128,train,0,True
58848,CADC0892,922,24,train,0,True
58849,CADC0892,922,28,train,0,True
59032,CADC0892,924,212,train,0,True
59035,CADC0892,924,224,train,0,True
59464,CADC0892,931,60,train,0,True
59508,CADC0892,931,236,train,0,True
59567,CADC0892,932,224,train,0,True
59760,CADC0892,935,196,train,0,True
59774,CADC0892,936,16,train,0,True
59791,CADC0892,936,84,train,0,True
59939,CADC0892,938,96,train,0,True
59992,CADC0892,939,20,train,0,True
60015,CADC0892,939,112,train,0,True
60021,CADC0892,939,136,train,0,True
60120,CADC0892,940,212,train,0,True
60188,CADC0892,941,180,train,0,True
60667,CADC0892,948,28,train,0,True
60702,CADC0892,948,168,train,0,True
61496,CADC0892,958,48,train,0,True
61519,CADC0892,958,140,train,0,True
61623,CADC0892,959,188,train,0,True
61639,CADC0892,959,252,train,0,True
62139,CADC0892,968,84,train,0,True
62202,CADC0892,969,144,train,0,True
62726,CADC0892,976,432,train,0,True
63064,CADC0892,981,56,train,0,True
63140,CADC0892,982,72,train,0,True
63439,CADC0892,986,108,train,0,True
63445,CADC0892,986,132,train,0,True
63449,CADC0892,986,148,train,0,True
63478,CADC0892,987,12,train,0,True
63490,CADC0892,987,60,train,0,True
63492,CADC0892,987,68,train,0,True
63518,CADC0892,987,172,train,0,True
63716,CADC0892,990,52,train,0,True
64025,CADC0892,993,200,train,0,True
64029,CADC0892,993,216,train,0,True
64064,CADC0892,994,64,train,0,True
64078,CADC0892,994,120,train,0,True
64146,CADC0892,995,76,train,0,True
64147,CADC0892,995,80,train,0,True
64169,CADC0892,995,168,train,0,True
64228,CADC0892,996,88,train,0,True
64424,CADC0892,998,192,train,0,True
64428,CADC0892,998,208,train,0,True
64434,CADC0892,998,232,train,0,True
64565,CADC0892,999,312,train,0,True
64628,CADC0892,1000,216,train,0,True
64652,CADC0892,1000,312,train,0,True
64786,CADC0892,1002,80,train,0,True
65237,CADC0892,1007,12,train,0,True
65271,CADC0892,1007,148,train,0,True
65361,CADC0892,1008,132,train,0,True
65401,CADC0892,1009,28,train,0,True
65428,CADC0892,1009,136,train,0,True
65453,CADC0892,1009,236,train,0,True
65713,CADC0892,1012,236,train,0,True
65747,CADC0894,1095,0,train,0,True
65759,CADC0894,1095,48,train,0,True
65785,CADC0894,1097,40,train,0,True
65793,CADC0894,1098,20,train,0,True
65813,CADC0894,1099,47,train,0,True
65834,CADC0894,1101,28,train,0,True
65904,CADC0894,1106,50,train,0,True
65996,CADC0894,1115,4,train,0,True
66125,CADC0894,1127,32,train,0,True
66278,CADC0894,1143,8,train,0,True
66295,CADC0894,1144,32,train,0,True
66321,CADC0894,1147,12,train,0,True
66339,CADC0894,1148,38,train,0,True
66357,CADC0894,1150,20,train,0,True
66467,CADC0894,1160,16,train,0,True
66717,CADC0894,1729,40,train,0,True
66719,CADC0894,1729,48,train,0,True
66738,CADC0894,1729,124,train,0,True
66758,CADC0894,1729,204,train,0,True
66828,CADC0894,1729,484,train,0,True
66955,CADC0894,1731,32,train,0,True
66969,CADC0894,1731,88,train,0,True
67016,CADC0894,1731,276,train,0,True
67019,CADC0894,1731,288,train,0,True
67041,CADC0894,1731,376,train,0,True
67064,CADC0894,1731,468,train,0,True
67065,CADC0894,1731,472,train,0,True
67250,CADC0894,1733,188,train,0,True
67309,CADC0894,1733,424,train,0,True
67565,CADC0894,1736,72,train,0,True
67619,CADC0894,1736,288,train,0,True
67620,CADC0894,1736,292,train,0,True
68057,CADC0894,1740,184,train,0,True
68948,CADC0894,1749,224,train,0,True
69163,CADC0894,1752,156,train,0,True
69181,CADC0894,1752,228,train,0,True
69437,CADC0894,1755,16,train,0,True
69450,CADC0894,1755,68,train,0,True
69460,CADC0894,1755,108,train,0,True
69539,CADC0894,1755,424,train,0,True
69543,CADC0894,1755,440,train,0,True
69747,CADC0894,1758,124,train,0,True
69753,CADC0894,1758,148,train,0,True
69759,CADC0894,1758,172,train,0,True
69782,CADC0894,1758,264,train,0,True
69805,CADC0894,1758,356,train,0,True
69927,CADC0894,1760,68,train,0,True
69930,CADC0894,1760,80,train,0,True
69933,CADC0894,1760,92,train,0,True
69969,CADC0894,1760,236,train,0,True
70099,CADC0894,1762,60,train,0,True
70116,CADC0894,1762,128,train,0,True
70144,CADC0894,1762,240,train,0,True
70361,CADC0894,1765,60,train,0,True
70388,CADC0894,1765,168,train,0,True
70399,CADC0894,1765,212,train,0,True
70417,CADC0894,1765,284,train,0,True
70535,CADC0894,1766,404,train,0,True
70550,CADC0894,1766,464,train,0,True
70556,CADC0894,1766,488,train,0,True
70574,CADC0894,1767,60,train,0,True
70580,CADC0894,1767,84,train,0,True
70582,CADC0894,1767,92,train,0,True
70611,CADC0894,1767,208,train,0,True
70646,CADC0894,1767,348,train,0,True
70774,CADC0894,1769,36,train,0,True
70828,CADC0894,1769,252,train,0,True
70871,CADC0894,1769,424,train,0,True
70894,CADC0894,1769,516,train,0,True
71465,CADC0894,1775,28,train,0,True
71466,CADC0894,1775,32,train,0,True
71475,CADC0894,1775,68,train,0,True
71483,CADC0894,1775,100,train,0,True
71536,CADC0894,1775,312,train,0,True
71653,CADC0894,1777,104,train,0,True
71657,CADC0894,1777,120,train,0,True
71676,CADC0894,1777,196,train,0,True
71742,CADC0894,1777,460,train,0,True
71748,CADC0894,1777,484,train,0,True
71783,CADC0894,1778,120,train,0,True
71790,CADC0894,1778,148,train,0,True
71810,CADC0894,1778,228,train,0,True
71817,CADC0894,1778,256,train,0,True
71819,CADC0894,1778,264,train,0,True
71992,CADC0894,1780,0,train,0,True
72030,CADC0894,1780,152,train,0,True
72032,CADC0894,1780,160,train,0,True
72376,CADC0894,1783,72,train,0,True
72402,CADC0894,1783,176,train,0,True
72429,CADC0894,1783,284,train,0,True
72462,CADC0894,1783,416,train,0,True
72488,CADC0894,1784,68,train,0,True
72490,CADC0894,1784,76,train,0,True
72522,CADC0894,1784,204,train,0,True
72526,CADC0894,1784,220,train,0,True
72548,CADC0894,1784,308,train,0,True
72552,CADC0894,1784,324,train,0,True
72567,CADC0894,1784,384,train,0,True
72924,CADC0894,1787,76,train,0,True
72979,CADC0894,1787,296,train,0,True
72991,CADC0894,1787,344,train,0,True
73007,CADC0894,1787,408,train,0,True
73056,CADC0894,1787,604,train,0,True
73256,CADC0894,1789,12,train,0,True
73291,CADC0894,1789,152,train,0,True
73309,CADC0894,1789,224,train,0,True
73338,CADC0894,1789,340,train,0,True
73423,CADC0894,1789,680,train,0,True
73437,CADC0894,1789,736,train,0,True
73456,CADC0894,1789,812,train,0,True
73472,CADC0894,1790,52,train,0,True
73504,CADC0894,1790,180,train,0,True
73508,CADC0894,1790,196,train,0,True
73525,CADC0894,1790,264,train,0,True
73571,CADC0894,1790,448,train,0,True
73615,CADC0894,1790,624,train,0,True
73625,CADC0894,1790,664,train,0,True
73826,CADC0894,1792,28,train,0,True
73834,CADC0894,1792,60,train,0,True
73892,CADC0894,1792,292,train,0,True
73896,CADC0894,1792,308,train,0,True
73919,CADC0894,1792,400,train,0,True
73948,CADC0894,1792,516,train,0,True
73966,CADC0894,1792,588,train,0,True
73984,CADC0894,1792,660,train,0,True
73991,CADC0894,1792,688,train,0,True
74199,CADC0894,1794,84,train,0,True
74230,CADC0894,1794,208,train,0,True
74252,CADC0894,1794,296,train,0,True
74286,CADC0894,1794,432,train,0,True
