index,name,dtype,shape
0,telemetry,int8,"[1, 8, 1]"
1,arith.constant,int32,[3]
2,arith.constant1,int32,[]
3,arith.constant2,int32,[1]
4,arith.constant3,int32,[4]
5,arith.constant4,int32,[4]
6,arith.constant5,int32,[3]
7,arith.constant6,int32,[3]
8,tfl.pseudo_qconst,int32,[1]
9,tfl.pseudo_qconst1,int8,"[1, 16]"
10,tfl.pseudo_qconst2,int8,"[64, 16]"
11,tfl.pseudo_qconst3,int32,[64]
12,tfl.pseudo_qconst4,int8,[64]
13,tfl.pseudo_qconst5,int8,"[64, 16]"
14,tfl.pseudo_qconst6,int8,"[64, 16]"
15,tfl.pseudo_qconst7,int32,[64]
16,tfl.pseudo_qconst8,int8,[64]
17,tfl.pseudo_qconst9,int8,"[64, 1]"
18,satellite_lstm_ae_1/encoder_1/transpose1,int8,"[8, 1, 1]"
19,satellite_lstm_ae_1/encoder_1/unstack;satellite_lstm_ae_1/encoder_1/unstack1;satellite_lstm_ae_1/encoder_1/unstack2;satellite_lstm_ae_1/encoder_1/unstack3;satellite_lstm_ae_1/encoder_1/unstack4;satellite_lstm_ae_1/encoder_1/unstack5;satellite_lstm_ae_1/encoder_1/unstack6;satellite_lstm_ae_1/encoder_1/unstack7,int8,"[1, 1]"
20,satellite_lstm_ae_1/encoder_1/unstack;satellite_lstm_ae_1/encoder_1/unstack1;satellite_lstm_ae_1/encoder_1/unstack2;satellite_lstm_ae_1/encoder_1/unstack3;satellite_lstm_ae_1/encoder_1/unstack4;satellite_lstm_ae_1/encoder_1/unstack5;satellite_lstm_ae_1/encoder_1/unstack6;satellite_lstm_ae_1/encoder_1/unstack71,int8,"[1, 1]"
21,satellite_lstm_ae_1/encoder_1/unstack;satellite_lstm_ae_1/encoder_1/unstack1;satellite_lstm_ae_1/encoder_1/unstack2;satellite_lstm_ae_1/encoder_1/unstack3;satellite_lstm_ae_1/encoder_1/unstack4;satellite_lstm_ae_1/encoder_1/unstack5;satellite_lstm_ae_1/encoder_1/unstack6;satellite_lstm_ae_1/encoder_1/unstack72,int8,"[1, 1]"
22,satellite_lstm_ae_1/encoder_1/unstack;satellite_lstm_ae_1/encoder_1/unstack1;satellite_lstm_ae_1/encoder_1/unstack2;satellite_lstm_ae_1/encoder_1/unstack3;satellite_lstm_ae_1/encoder_1/unstack4;satellite_lstm_ae_1/encoder_1/unstack5;satellite_lstm_ae_1/encoder_1/unstack6;satellite_lstm_ae_1/encoder_1/unstack73,int8,"[1, 1]"
23,satellite_lstm_ae_1/encoder_1/unstack;satellite_lstm_ae_1/encoder_1/unstack1;satellite_lstm_ae_1/encoder_1/unstack2;satellite_lstm_ae_1/encoder_1/unstack3;satellite_lstm_ae_1/encoder_1/unstack4;satellite_lstm_ae_1/encoder_1/unstack5;satellite_lstm_ae_1/encoder_1/unstack6;satellite_lstm_ae_1/encoder_1/unstack74,int8,"[1, 1]"
24,satellite_lstm_ae_1/encoder_1/unstack;satellite_lstm_ae_1/encoder_1/unstack1;satellite_lstm_ae_1/encoder_1/unstack2;satellite_lstm_ae_1/encoder_1/unstack3;satellite_lstm_ae_1/encoder_1/unstack4;satellite_lstm_ae_1/encoder_1/unstack5;satellite_lstm_ae_1/encoder_1/unstack6;satellite_lstm_ae_1/encoder_1/unstack75,int8,"[1, 1]"
25,satellite_lstm_ae_1/encoder_1/unstack;satellite_lstm_ae_1/encoder_1/unstack1;satellite_lstm_ae_1/encoder_1/unstack2;satellite_lstm_ae_1/encoder_1/unstack3;satellite_lstm_ae_1/encoder_1/unstack4;satellite_lstm_ae_1/encoder_1/unstack5;satellite_lstm_ae_1/encoder_1/unstack6;satellite_lstm_ae_1/encoder_1/unstack76,int8,"[1, 1]"
26,satellite_lstm_ae_1/encoder_1/unstack;satellite_lstm_ae_1/encoder_1/unstack1;satellite_lstm_ae_1/encoder_1/unstack2;satellite_lstm_ae_1/encoder_1/unstack3;satellite_lstm_ae_1/encoder_1/unstack4;satellite_lstm_ae_1/encoder_1/unstack5;satellite_lstm_ae_1/encoder_1/unstack6;satellite_lstm_ae_1/encoder_1/unstack77,int8,"[1, 1]"
27,satellite_lstm_ae_1/encoder_1/lstm_cell_1/MatMul;satellite_lstm_ae_1/encoder_1/lstm_cell_1/BiasAdd_1,int8,"[1, 64]"
28,satellite_lstm_ae_1/encoder_1/lstm_cell_1/split;satellite_lstm_ae_1/encoder_1/lstm_cell_1/split1;satellite_lstm_ae_1/encoder_1/lstm_cell_1/split2;satellite_lstm_ae_1/encoder_1/lstm_cell_1/split3,int8,"[1, 16]"
29,satellite_lstm_ae_1/encoder_1/lstm_cell_1/split;satellite_lstm_ae_1/encoder_1/lstm_cell_1/split1;satellite_lstm_ae_1/encoder_1/lstm_cell_1/split2;satellite_lstm_ae_1/encoder_1/lstm_cell_1/split31,int8,"[1, 16]"
30,satellite_lstm_ae_1/encoder_1/lstm_cell_1/split;satellite_lstm_ae_1/encoder_1/lstm_cell_1/split1;satellite_lstm_ae_1/encoder_1/lstm_cell_1/split2;satellite_lstm_ae_1/encoder_1/lstm_cell_1/split32,int8,"[1, 16]"
31,satellite_lstm_ae_1/encoder_1/lstm_cell_1/split;satellite_lstm_ae_1/encoder_1/lstm_cell_1/split1;satellite_lstm_ae_1/encoder_1/lstm_cell_1/split2;satellite_lstm_ae_1/encoder_1/lstm_cell_1/split33,int8,"[1, 16]"
32,satellite_lstm_ae_1/encoder_1/lstm_cell_1/Sigmoid,int8,"[1, 16]"
33,satellite_lstm_ae_1/encoder_1/lstm_cell_1/Sigmoid_2,int8,"[1, 16]"
34,satellite_lstm_ae_1/encoder_1/lstm_cell_1/Tanh,int8,"[1, 16]"
35,satellite_lstm_ae_1/encoder_1/lstm_cell_1/mul_1,int8,"[1, 16]"
36,satellite_lstm_ae_1/encoder_1/lstm_cell_1/Tanh_1,int8,"[1, 16]"
37,satellite_lstm_ae_1/encoder_1/lstm_cell_1/mul_2,int8,"[1, 16]"
38,satellite_lstm_ae_1/encoder_1/lstm_cell_3/MatMul_1,int8,"[1, 64]"
39,satellite_lstm_ae_1/encoder_1/lstm_cell_3/Squeeze,int8,[64]
40,satellite_lstm_ae_1/encoder_1/lstm_cell_11/MatMul,int8,"[1, 64]"
41,satellite_lstm_ae_1/encoder_1/lstm_cell_13/MatMul,int8,"[1, 64]"
42,satellite_lstm_ae_1/encoder_1/lstm_cell_15/MatMul,int8,"[1, 64]"
43,satellite_lstm_ae_1/encoder_1/lstm_cell_3/MatMul,int8,"[1, 64]"
44,satellite_lstm_ae_1/encoder_1/lstm_cell_3/BiasAdd,int8,"[1, 64]"
45,satellite_lstm_ae_1/encoder_1/lstm_cell_3/BiasAdd_1,int8,"[1, 64]"
46,satellite_lstm_ae_1/encoder_1/lstm_cell_3/split;satellite_lstm_ae_1/encoder_1/lstm_cell_3/split1;satellite_lstm_ae_1/encoder_1/lstm_cell_3/split2;satellite_lstm_ae_1/encoder_1/lstm_cell_3/split3,int8,"[1, 16]"
47,satellite_lstm_ae_1/encoder_1/lstm_cell_3/split;satellite_lstm_ae_1/encoder_1/lstm_cell_3/split1;satellite_lstm_ae_1/encoder_1/lstm_cell_3/split2;satellite_lstm_ae_1/encoder_1/lstm_cell_3/split31,int8,"[1, 16]"
48,satellite_lstm_ae_1/encoder_1/lstm_cell_3/split;satellite_lstm_ae_1/encoder_1/lstm_cell_3/split1;satellite_lstm_ae_1/encoder_1/lstm_cell_3/split2;satellite_lstm_ae_1/encoder_1/lstm_cell_3/split32,int8,"[1, 16]"
49,satellite_lstm_ae_1/encoder_1/lstm_cell_3/split;satellite_lstm_ae_1/encoder_1/lstm_cell_3/split1;satellite_lstm_ae_1/encoder_1/lstm_cell_3/split2;satellite_lstm_ae_1/encoder_1/lstm_cell_3/split33,int8,"[1, 16]"
50,satellite_lstm_ae_1/encoder_1/lstm_cell_3/Sigmoid,int8,"[1, 16]"
51,satellite_lstm_ae_1/encoder_1/lstm_cell_3/Sigmoid_1,int8,"[1, 16]"
52,satellite_lstm_ae_1/encoder_1/lstm_cell_3/mul,int8,"[1, 16]"
53,satellite_lstm_ae_1/encoder_1/lstm_cell_3/Sigmoid_2,int8,"[1, 16]"
54,satellite_lstm_ae_1/encoder_1/lstm_cell_3/Tanh,int8,"[1, 16]"
55,satellite_lstm_ae_1/encoder_1/lstm_cell_3/mul_1,int8,"[1, 16]"
56,satellite_lstm_ae_1/encoder_1/lstm_cell_3/add,int8,"[1, 16]"
57,satellite_lstm_ae_1/encoder_1/lstm_cell_3/Tanh_1,int8,"[1, 16]"
58,satellite_lstm_ae_1/encoder_1/lstm_cell_3/mul_2,int8,"[1, 16]"
59,satellite_lstm_ae_1/encoder_1/lstm_cell_5/MatMul_1,int8,"[1, 64]"
60,satellite_lstm_ae_1/encoder_1/lstm_cell_5/Squeeze,int8,[64]
61,satellite_lstm_ae_1/encoder_1/lstm_cell_5/MatMul,int8,"[1, 64]"
62,satellite_lstm_ae_1/encoder_1/lstm_cell_5/BiasAdd,int8,"[1, 64]"
63,satellite_lstm_ae_1/encoder_1/lstm_cell_5/BiasAdd_1,int8,"[1, 64]"
64,satellite_lstm_ae_1/encoder_1/lstm_cell_5/split;satellite_lstm_ae_1/encoder_1/lstm_cell_5/split1;satellite_lstm_ae_1/encoder_1/lstm_cell_5/split2;satellite_lstm_ae_1/encoder_1/lstm_cell_5/split3,int8,"[1, 16]"
65,satellite_lstm_ae_1/encoder_1/lstm_cell_5/split;satellite_lstm_ae_1/encoder_1/lstm_cell_5/split1;satellite_lstm_ae_1/encoder_1/lstm_cell_5/split2;satellite_lstm_ae_1/encoder_1/lstm_cell_5/split31,int8,"[1, 16]"
66,satellite_lstm_ae_1/encoder_1/lstm_cell_5/split;satellite_lstm_ae_1/encoder_1/lstm_cell_5/split1;satellite_lstm_ae_1/encoder_1/lstm_cell_5/split2;satellite_lstm_ae_1/encoder_1/lstm_cell_5/split32,int8,"[1, 16]"
67,satellite_lstm_ae_1/encoder_1/lstm_cell_5/split;satellite_lstm_ae_1/encoder_1/lstm_cell_5/split1;satellite_lstm_ae_1/encoder_1/lstm_cell_5/split2;satellite_lstm_ae_1/encoder_1/lstm_cell_5/split33,int8,"[1, 16]"
68,satellite_lstm_ae_1/encoder_1/lstm_cell_5/Sigmoid,int8,"[1, 16]"
69,satellite_lstm_ae_1/encoder_1/lstm_cell_5/Sigmoid_1,int8,"[1, 16]"
70,satellite_lstm_ae_1/encoder_1/lstm_cell_5/mul,int8,"[1, 16]"
71,satellite_lstm_ae_1/encoder_1/lstm_cell_5/Sigmoid_2,int8,"[1, 16]"
72,satellite_lstm_ae_1/encoder_1/lstm_cell_5/Tanh,int8,"[1, 16]"
73,satellite_lstm_ae_1/encoder_1/lstm_cell_5/mul_1,int8,"[1, 16]"
74,satellite_lstm_ae_1/encoder_1/lstm_cell_5/add,int8,"[1, 16]"
75,satellite_lstm_ae_1/encoder_1/lstm_cell_5/Tanh_1,int8,"[1, 16]"
76,satellite_lstm_ae_1/encoder_1/lstm_cell_5/mul_2,int8,"[1, 16]"
77,satellite_lstm_ae_1/encoder_1/lstm_cell_7/MatMul_1,int8,"[1, 64]"
78,satellite_lstm_ae_1/encoder_1/lstm_cell_7/Squeeze,int8,[64]
79,satellite_lstm_ae_1/encoder_1/lstm_cell_7/MatMul,int8,"[1, 64]"
80,satellite_lstm_ae_1/encoder_1/lstm_cell_7/BiasAdd,int8,"[1, 64]"
81,satellite_lstm_ae_1/encoder_1/lstm_cell_7/BiasAdd_1,int8,"[1, 64]"
82,satellite_lstm_ae_1/encoder_1/lstm_cell_7/split;satellite_lstm_ae_1/encoder_1/lstm_cell_7/split1;satellite_lstm_ae_1/encoder_1/lstm_cell_7/split2;satellite_lstm_ae_1/encoder_1/lstm_cell_7/split3,int8,"[1, 16]"
83,satellite_lstm_ae_1/encoder_1/lstm_cell_7/split;satellite_lstm_ae_1/encoder_1/lstm_cell_7/split1;satellite_lstm_ae_1/encoder_1/lstm_cell_7/split2;satellite_lstm_ae_1/encoder_1/lstm_cell_7/split31,int8,"[1, 16]"
84,satellite_lstm_ae_1/encoder_1/lstm_cell_7/split;satellite_lstm_ae_1/encoder_1/lstm_cell_7/split1;satellite_lstm_ae_1/encoder_1/lstm_cell_7/split2;satellite_lstm_ae_1/encoder_1/lstm_cell_7/split32,int8,"[1, 16]"
85,satellite_lstm_ae_1/encoder_1/lstm_cell_7/split;satellite_lstm_ae_1/encoder_1/lstm_cell_7/split1;satellite_lstm_ae_1/encoder_1/lstm_cell_7/split2;satellite_lstm_ae_1/encoder_1/lstm_cell_7/split33,int8,"[1, 16]"
86,satellite_lstm_ae_1/encoder_1/lstm_cell_7/Sigmoid,int8,"[1, 16]"
87,satellite_lstm_ae_1/encoder_1/lstm_cell_7/Sigmoid_1,int8,"[1, 16]"
88,satellite_lstm_ae_1/encoder_1/lstm_cell_7/mul,int8,"[1, 16]"
89,satellite_lstm_ae_1/encoder_1/lstm_cell_7/Sigmoid_2,int8,"[1, 16]"
90,satellite_lstm_ae_1/encoder_1/lstm_cell_7/Tanh,int8,"[1, 16]"
91,satellite_lstm_ae_1/encoder_1/lstm_cell_7/mul_1,int8,"[1, 16]"
92,satellite_lstm_ae_1/encoder_1/lstm_cell_7/add,int8,"[1, 16]"
93,satellite_lstm_ae_1/encoder_1/lstm_cell_7/Tanh_1,int8,"[1, 16]"
94,satellite_lstm_ae_1/encoder_1/lstm_cell_7/mul_2,int8,"[1, 16]"
95,satellite_lstm_ae_1/encoder_1/lstm_cell_9/MatMul_1,int8,"[1, 64]"
96,satellite_lstm_ae_1/encoder_1/lstm_cell_9/Squeeze,int8,[64]
97,satellite_lstm_ae_1/encoder_1/lstm_cell_9/MatMul,int8,"[1, 64]"
98,satellite_lstm_ae_1/encoder_1/lstm_cell_9/BiasAdd,int8,"[1, 64]"
99,satellite_lstm_ae_1/encoder_1/lstm_cell_9/BiasAdd_1,int8,"[1, 64]"
100,satellite_lstm_ae_1/encoder_1/lstm_cell_9/split;satellite_lstm_ae_1/encoder_1/lstm_cell_9/split1;satellite_lstm_ae_1/encoder_1/lstm_cell_9/split2;satellite_lstm_ae_1/encoder_1/lstm_cell_9/split3,int8,"[1, 16]"
101,satellite_lstm_ae_1/encoder_1/lstm_cell_9/split;satellite_lstm_ae_1/encoder_1/lstm_cell_9/split1;satellite_lstm_ae_1/encoder_1/lstm_cell_9/split2;satellite_lstm_ae_1/encoder_1/lstm_cell_9/split31,int8,"[1, 16]"
102,satellite_lstm_ae_1/encoder_1/lstm_cell_9/split;satellite_lstm_ae_1/encoder_1/lstm_cell_9/split1;satellite_lstm_ae_1/encoder_1/lstm_cell_9/split2;satellite_lstm_ae_1/encoder_1/lstm_cell_9/split32,int8,"[1, 16]"
103,satellite_lstm_ae_1/encoder_1/lstm_cell_9/split;satellite_lstm_ae_1/encoder_1/lstm_cell_9/split1;satellite_lstm_ae_1/encoder_1/lstm_cell_9/split2;satellite_lstm_ae_1/encoder_1/lstm_cell_9/split33,int8,"[1, 16]"
104,satellite_lstm_ae_1/encoder_1/lstm_cell_9/Sigmoid,int8,"[1, 16]"
105,satellite_lstm_ae_1/encoder_1/lstm_cell_9/Sigmoid_1,int8,"[1, 16]"
106,satellite_lstm_ae_1/encoder_1/lstm_cell_9/mul,int8,"[1, 16]"
107,satellite_lstm_ae_1/encoder_1/lstm_cell_9/Sigmoid_2,int8,"[1, 16]"
108,satellite_lstm_ae_1/encoder_1/lstm_cell_9/Tanh,int8,"[1, 16]"
109,satellite_lstm_ae_1/encoder_1/lstm_cell_9/mul_1,int8,"[1, 16]"
110,satellite_lstm_ae_1/encoder_1/lstm_cell_9/add,int8,"[1, 16]"
111,satellite_lstm_ae_1/encoder_1/lstm_cell_9/Tanh_1,int8,"[1, 16]"
112,satellite_lstm_ae_1/encoder_1/lstm_cell_9/mul_2,int8,"[1, 16]"
113,satellite_lstm_ae_1/encoder_1/lstm_cell_11/MatMul_1,int8,"[1, 64]"
114,satellite_lstm_ae_1/encoder_1/lstm_cell_11/Squeeze,int8,[64]
115,satellite_lstm_ae_1/encoder_1/lstm_cell_11/BiasAdd,int8,"[1, 64]"
116,satellite_lstm_ae_1/encoder_1/lstm_cell_11/BiasAdd_1,int8,"[1, 64]"
117,satellite_lstm_ae_1/encoder_1/lstm_cell_11/split;satellite_lstm_ae_1/encoder_1/lstm_cell_11/split1;satellite_lstm_ae_1/encoder_1/lstm_cell_11/split2;satellite_lstm_ae_1/encoder_1/lstm_cell_11/split3,int8,"[1, 16]"
118,satellite_lstm_ae_1/encoder_1/lstm_cell_11/split;satellite_lstm_ae_1/encoder_1/lstm_cell_11/split1;satellite_lstm_ae_1/encoder_1/lstm_cell_11/split2;satellite_lstm_ae_1/encoder_1/lstm_cell_11/split31,int8,"[1, 16]"
119,satellite_lstm_ae_1/encoder_1/lstm_cell_11/split;satellite_lstm_ae_1/encoder_1/lstm_cell_11/split1;satellite_lstm_ae_1/encoder_1/lstm_cell_11/split2;satellite_lstm_ae_1/encoder_1/lstm_cell_11/split32,int8,"[1, 16]"
120,satellite_lstm_ae_1/encoder_1/lstm_cell_11/split;satellite_lstm_ae_1/encoder_1/lstm_cell_11/split1;satellite_lstm_ae_1/encoder_1/lstm_cell_11/split2;satellite_lstm_ae_1/encoder_1/lstm_cell_11/split33,int8,"[1, 16]"
121,satellite_lstm_ae_1/encoder_1/lstm_cell_11/Sigmoid,int8,"[1, 16]"
122,satellite_lstm_ae_1/encoder_1/lstm_cell_11/Sigmoid_1,int8,"[1, 16]"
123,satellite_lstm_ae_1/encoder_1/lstm_cell_11/mul,int8,"[1, 16]"
124,satellite_lstm_ae_1/encoder_1/lstm_cell_11/Sigmoid_2,int8,"[1, 16]"
125,satellite_lstm_ae_1/encoder_1/lstm_cell_11/Tanh,int8,"[1, 16]"
126,satellite_lstm_ae_1/encoder_1/lstm_cell_11/mul_1,int8,"[1, 16]"
127,satellite_lstm_ae_1/encoder_1/lstm_cell_11/add,int8,"[1, 16]"
128,satellite_lstm_ae_1/encoder_1/lstm_cell_11/Tanh_1,int8,"[1, 16]"
129,satellite_lstm_ae_1/encoder_1/lstm_cell_11/mul_2,int8,"[1, 16]"
130,satellite_lstm_ae_1/encoder_1/lstm_cell_13/MatMul_1,int8,"[1, 64]"
131,satellite_lstm_ae_1/encoder_1/lstm_cell_13/Squeeze,int8,[64]
132,satellite_lstm_ae_1/encoder_1/lstm_cell_13/BiasAdd,int8,"[1, 64]"
133,satellite_lstm_ae_1/encoder_1/lstm_cell_13/BiasAdd_1,int8,"[1, 64]"
134,satellite_lstm_ae_1/encoder_1/lstm_cell_13/split;satellite_lstm_ae_1/encoder_1/lstm_cell_13/split1;satellite_lstm_ae_1/encoder_1/lstm_cell_13/split2;satellite_lstm_ae_1/encoder_1/lstm_cell_13/split3,int8,"[1, 16]"
135,satellite_lstm_ae_1/encoder_1/lstm_cell_13/split;satellite_lstm_ae_1/encoder_1/lstm_cell_13/split1;satellite_lstm_ae_1/encoder_1/lstm_cell_13/split2;satellite_lstm_ae_1/encoder_1/lstm_cell_13/split31,int8,"[1, 16]"
136,satellite_lstm_ae_1/encoder_1/lstm_cell_13/split;satellite_lstm_ae_1/encoder_1/lstm_cell_13/split1;satellite_lstm_ae_1/encoder_1/lstm_cell_13/split2;satellite_lstm_ae_1/encoder_1/lstm_cell_13/split32,int8,"[1, 16]"
137,satellite_lstm_ae_1/encoder_1/lstm_cell_13/split;satellite_lstm_ae_1/encoder_1/lstm_cell_13/split1;satellite_lstm_ae_1/encoder_1/lstm_cell_13/split2;satellite_lstm_ae_1/encoder_1/lstm_cell_13/split33,int8,"[1, 16]"
138,satellite_lstm_ae_1/encoder_1/lstm_cell_13/Sigmoid,int8,"[1, 16]"
139,satellite_lstm_ae_1/encoder_1/lstm_cell_13/Sigmoid_1,int8,"[1, 16]"
140,satellite_lstm_ae_1/encoder_1/lstm_cell_13/mul,int8,"[1, 16]"
141,satellite_lstm_ae_1/encoder_1/lstm_cell_13/Sigmoid_2,int8,"[1, 16]"
142,satellite_lstm_ae_1/encoder_1/lstm_cell_13/Tanh,int8,"[1, 16]"
143,satellite_lstm_ae_1/encoder_1/lstm_cell_13/mul_1,int8,"[1, 16]"
144,satellite_lstm_ae_1/encoder_1/lstm_cell_13/add,int8,"[1, 16]"
145,satellite_lstm_ae_1/encoder_1/lstm_cell_13/Tanh_1,int8,"[1, 16]"
146,satellite_lstm_ae_1/encoder_1/lstm_cell_13/mul_2,int8,"[1, 16]"
147,satellite_lstm_ae_1/encoder_1/lstm_cell_15/MatMul_1,int8,"[1, 64]"
148,satellite_lstm_ae_1/encoder_1/lstm_cell_15/Squeeze,int8,[64]
149,satellite_lstm_ae_1/encoder_1/lstm_cell_15/BiasAdd,int8,"[1, 64]"
150,satellite_lstm_ae_1/encoder_1/lstm_cell_15/BiasAdd_1,int8,"[1, 64]"
151,satellite_lstm_ae_1/encoder_1/lstm_cell_15/split;satellite_lstm_ae_1/encoder_1/lstm_cell_15/split1;satellite_lstm_ae_1/encoder_1/lstm_cell_15/split2;satellite_lstm_ae_1/encoder_1/lstm_cell_15/split3,int8,"[1, 16]"
152,satellite_lstm_ae_1/encoder_1/lstm_cell_15/split;satellite_lstm_ae_1/encoder_1/lstm_cell_15/split1;satellite_lstm_ae_1/encoder_1/lstm_cell_15/split2;satellite_lstm_ae_1/encoder_1/lstm_cell_15/split31,int8,"[1, 16]"
153,satellite_lstm_ae_1/encoder_1/lstm_cell_15/split;satellite_lstm_ae_1/encoder_1/lstm_cell_15/split1;satellite_lstm_ae_1/encoder_1/lstm_cell_15/split2;satellite_lstm_ae_1/encoder_1/lstm_cell_15/split32,int8,"[1, 16]"
154,satellite_lstm_ae_1/encoder_1/lstm_cell_15/split;satellite_lstm_ae_1/encoder_1/lstm_cell_15/split1;satellite_lstm_ae_1/encoder_1/lstm_cell_15/split2;satellite_lstm_ae_1/encoder_1/lstm_cell_15/split33,int8,"[1, 16]"
155,satellite_lstm_ae_1/encoder_1/lstm_cell_15/Sigmoid,int8,"[1, 16]"
156,satellite_lstm_ae_1/encoder_1/lstm_cell_15/Sigmoid_1,int8,"[1, 16]"
157,satellite_lstm_ae_1/encoder_1/lstm_cell_15/mul,int8,"[1, 16]"
158,satellite_lstm_ae_1/encoder_1/lstm_cell_15/Sigmoid_2,int8,"[1, 16]"
159,satellite_lstm_ae_1/encoder_1/lstm_cell_15/Tanh,int8,"[1, 16]"
160,satellite_lstm_ae_1/encoder_1/lstm_cell_15/mul_1,int8,"[1, 16]"
161,satellite_lstm_ae_1/encoder_1/lstm_cell_15/add,int8,"[1, 16]"
162,satellite_lstm_ae_1/encoder_1/lstm_cell_15/Tanh_1,int8,"[1, 16]"
163,satellite_lstm_ae_1/encoder_1/lstm_cell_15/mul_2,int8,"[1, 16]"
164,satellite_lstm_ae_1/repeat_vector_1/Repeat/ExpandDims,int8,"[1, 1, 1, 16]"
165,satellite_lstm_ae_1/repeat_vector_1/Repeat/Tile,int8,"[1, 1, 8, 16]"
166,satellite_lstm_ae_1/decoder_1/transpose,int8,"[8, 1, 16]"
167,satellite_lstm_ae_1/decoder_1/unstack;satellite_lstm_ae_1/decoder_1/unstack1;satellite_lstm_ae_1/decoder_1/unstack2;satellite_lstm_ae_1/decoder_1/unstack3;satellite_lstm_ae_1/decoder_1/unstack4;satellite_lstm_ae_1/decoder_1/unstack5;satellite_lstm_ae_1/decoder_1/unstack6;satellite_lstm_ae_1/decoder_1/unstack7,int8,"[1, 16]"
168,satellite_lstm_ae_1/decoder_1/unstack;satellite_lstm_ae_1/decoder_1/unstack1;satellite_lstm_ae_1/decoder_1/unstack2;satellite_lstm_ae_1/decoder_1/unstack3;satellite_lstm_ae_1/decoder_1/unstack4;satellite_lstm_ae_1/decoder_1/unstack5;satellite_lstm_ae_1/decoder_1/unstack6;satellite_lstm_ae_1/decoder_1/unstack71,int8,"[1, 16]"
169,satellite_lstm_ae_1/decoder_1/unstack;satellite_lstm_ae_1/decoder_1/unstack1;satellite_lstm_ae_1/decoder_1/unstack2;satellite_lstm_ae_1/decoder_1/unstack3;satellite_lstm_ae_1/decoder_1/unstack4;satellite_lstm_ae_1/decoder_1/unstack5;satellite_lstm_ae_1/decoder_1/unstack6;satellite_lstm_ae_1/decoder_1/unstack72,int8,"[1, 16]"
170,satellite_lstm_ae_1/decoder_1/unstack;satellite_lstm_ae_1/decoder_1/unstack1;satellite_lstm_ae_1/decoder_1/unstack2;satellite_lstm_ae_1/decoder_1/unstack3;satellite_lstm_ae_1/decoder_1/unstack4;satellite_lstm_ae_1/decoder_1/unstack5;satellite_lstm_ae_1/decoder_1/unstack6;satellite_lstm_ae_1/decoder_1/unstack73,int8,"[1, 16]"
171,satellite_lstm_ae_1/decoder_1/unstack;satellite_lstm_ae_1/decoder_1/unstack1;satellite_lstm_ae_1/decoder_1/unstack2;satellite_lstm_ae_1/decoder_1/unstack3;satellite_lstm_ae_1/decoder_1/unstack4;satellite_lstm_ae_1/decoder_1/unstack5;satellite_lstm_ae_1/decoder_1/unstack6;satellite_lstm_ae_1/decoder_1/unstack74,int8,"[1, 16]"
172,satellite_lstm_ae_1/decoder_1/unstack;satellite_lstm_ae_1/decoder_1/unstack1;satellite_lstm_ae_1/decoder_1/unstack2;satellite_lstm_ae_1/decoder_1/unstack3;satellite_lstm_ae_1/decoder_1/unstack4;satellite_lstm_ae_1/decoder_1/unstack5;satellite_lstm_ae_1/decoder_1/unstack6;satellite_lstm_ae_1/decoder_1/unstack75,int8,"[1, 16]"
173,satellite_lstm_ae_1/decoder_1/unstack;satellite_lstm_ae_1/decoder_1/unstack1;satellite_lstm_ae_1/decoder_1/unstack2;satellite_lstm_ae_1/decoder_1/unstack3;satellite_lstm_ae_1/decoder_1/unstack4;satellite_lstm_ae_1/decoder_1/unstack5;satellite_lstm_ae_1/decoder_1/unstack6;satellite_lstm_ae_1/decoder_1/unstack76,int8,"[1, 16]"
174,satellite_lstm_ae_1/decoder_1/unstack;satellite_lstm_ae_1/decoder_1/unstack1;satellite_lstm_ae_1/decoder_1/unstack2;satellite_lstm_ae_1/decoder_1/unstack3;satellite_lstm_ae_1/decoder_1/unstack4;satellite_lstm_ae_1/decoder_1/unstack5;satellite_lstm_ae_1/decoder_1/unstack6;satellite_lstm_ae_1/decoder_1/unstack77,int8,"[1, 16]"
175,satellite_lstm_ae_1/decoder_1/lstm_cell_1/MatMul;satellite_lstm_ae_1/decoder_1/lstm_cell_1/BiasAdd_1,int8,"[1, 64]"
176,satellite_lstm_ae_1/decoder_1/lstm_cell_1/split;satellite_lstm_ae_1/decoder_1/lstm_cell_1/split1;satellite_lstm_ae_1/decoder_1/lstm_cell_1/split2;satellite_lstm_ae_1/decoder_1/lstm_cell_1/split3,int8,"[1, 16]"
177,satellite_lstm_ae_1/decoder_1/lstm_cell_1/split;satellite_lstm_ae_1/decoder_1/lstm_cell_1/split1;satellite_lstm_ae_1/decoder_1/lstm_cell_1/split2;satellite_lstm_ae_1/decoder_1/lstm_cell_1/split31,int8,"[1, 16]"
178,satellite_lstm_ae_1/decoder_1/lstm_cell_1/split;satellite_lstm_ae_1/decoder_1/lstm_cell_1/split1;satellite_lstm_ae_1/decoder_1/lstm_cell_1/split2;satellite_lstm_ae_1/decoder_1/lstm_cell_1/split32,int8,"[1, 16]"
179,satellite_lstm_ae_1/decoder_1/lstm_cell_1/split;satellite_lstm_ae_1/decoder_1/lstm_cell_1/split1;satellite_lstm_ae_1/decoder_1/lstm_cell_1/split2;satellite_lstm_ae_1/decoder_1/lstm_cell_1/split33,int8,"[1, 16]"
180,satellite_lstm_ae_1/decoder_1/lstm_cell_1/Sigmoid,int8,"[1, 16]"
181,satellite_lstm_ae_1/decoder_1/lstm_cell_1/Sigmoid_2,int8,"[1, 16]"
182,satellite_lstm_ae_1/decoder_1/lstm_cell_1/Tanh,int8,"[1, 16]"
183,satellite_lstm_ae_1/decoder_1/lstm_cell_1/mul_1,int8,"[1, 16]"
184,satellite_lstm_ae_1/decoder_1/lstm_cell_1/Tanh_1,int8,"[1, 16]"
185,satellite_lstm_ae_1/decoder_1/lstm_cell_1/mul_2,int8,"[1, 16]"
186,satellite_lstm_ae_1/decoder_1/lstm_cell_3/MatMul_1,int8,"[1, 64]"
187,satellite_lstm_ae_1/decoder_1/lstm_cell_3/Squeeze,int8,[64]
188,satellite_lstm_ae_1/decoder_1/lstm_cell_11/MatMul,int8,"[1, 64]"
189,satellite_lstm_ae_1/decoder_1/lstm_cell_13/MatMul,int8,"[1, 64]"
190,satellite_lstm_ae_1/decoder_1/lstm_cell_15/MatMul,int8,"[1, 64]"
191,satellite_lstm_ae_1/decoder_1/lstm_cell_3/MatMul,int8,"[1, 64]"
192,satellite_lstm_ae_1/decoder_1/lstm_cell_3/BiasAdd,int8,"[1, 64]"
193,satellite_lstm_ae_1/decoder_1/lstm_cell_3/BiasAdd_1,int8,"[1, 64]"
194,satellite_lstm_ae_1/decoder_1/lstm_cell_3/split;satellite_lstm_ae_1/decoder_1/lstm_cell_3/split1;satellite_lstm_ae_1/decoder_1/lstm_cell_3/split2;satellite_lstm_ae_1/decoder_1/lstm_cell_3/split3,int8,"[1, 16]"
195,satellite_lstm_ae_1/decoder_1/lstm_cell_3/split;satellite_lstm_ae_1/decoder_1/lstm_cell_3/split1;satellite_lstm_ae_1/decoder_1/lstm_cell_3/split2;satellite_lstm_ae_1/decoder_1/lstm_cell_3/split31,int8,"[1, 16]"
196,satellite_lstm_ae_1/decoder_1/lstm_cell_3/split;satellite_lstm_ae_1/decoder_1/lstm_cell_3/split1;satellite_lstm_ae_1/decoder_1/lstm_cell_3/split2;satellite_lstm_ae_1/decoder_1/lstm_cell_3/split32,int8,"[1, 16]"
197,satellite_lstm_ae_1/decoder_1/lstm_cell_3/split;satellite_lstm_ae_1/decoder_1/lstm_cell_3/split1;satellite_lstm_ae_1/decoder_1/lstm_cell_3/split2;satellite_lstm_ae_1/decoder_1/lstm_cell_3/split33,int8,"[1, 16]"
198,satellite_lstm_ae_1/decoder_1/lstm_cell_3/Sigmoid,int8,"[1, 16]"
199,satellite_lstm_ae_1/decoder_1/lstm_cell_3/Sigmoid_1,int8,"[1, 16]"
200,satellite_lstm_ae_1/decoder_1/lstm_cell_3/mul,int8,"[1, 16]"
201,satellite_lstm_ae_1/decoder_1/lstm_cell_3/Sigmoid_2,int8,"[1, 16]"
202,satellite_lstm_ae_1/decoder_1/lstm_cell_3/Tanh,int8,"[1, 16]"
203,satellite_lstm_ae_1/decoder_1/lstm_cell_3/mul_1,int8,"[1, 16]"
204,satellite_lstm_ae_1/decoder_1/lstm_cell_3/add,int8,"[1, 16]"
205,satellite_lstm_ae_1/decoder_1/lstm_cell_3/Tanh_1,int8,"[1, 16]"
206,satellite_lstm_ae_1/decoder_1/lstm_cell_3/mul_2,int8,"[1, 16]"
207,satellite_lstm_ae_1/decoder_1/lstm_cell_5/MatMul_1,int8,"[1, 64]"
208,satellite_lstm_ae_1/decoder_1/lstm_cell_5/Squeeze,int8,[64]
209,satellite_lstm_ae_1/decoder_1/lstm_cell_5/MatMul,int8,"[1, 64]"
210,satellite_lstm_ae_1/decoder_1/lstm_cell_5/BiasAdd,int8,"[1, 64]"
211,satellite_lstm_ae_1/decoder_1/lstm_cell_5/BiasAdd_1,int8,"[1, 64]"
212,satellite_lstm_ae_1/decoder_1/lstm_cell_5/split;satellite_lstm_ae_1/decoder_1/lstm_cell_5/split1;satellite_lstm_ae_1/decoder_1/lstm_cell_5/split2;satellite_lstm_ae_1/decoder_1/lstm_cell_5/split3,int8,"[1, 16]"
213,satellite_lstm_ae_1/decoder_1/lstm_cell_5/split;satellite_lstm_ae_1/decoder_1/lstm_cell_5/split1;satellite_lstm_ae_1/decoder_1/lstm_cell_5/split2;satellite_lstm_ae_1/decoder_1/lstm_cell_5/split31,int8,"[1, 16]"
214,satellite_lstm_ae_1/decoder_1/lstm_cell_5/split;satellite_lstm_ae_1/decoder_1/lstm_cell_5/split1;satellite_lstm_ae_1/decoder_1/lstm_cell_5/split2;satellite_lstm_ae_1/decoder_1/lstm_cell_5/split32,int8,"[1, 16]"
215,satellite_lstm_ae_1/decoder_1/lstm_cell_5/split;satellite_lstm_ae_1/decoder_1/lstm_cell_5/split1;satellite_lstm_ae_1/decoder_1/lstm_cell_5/split2;satellite_lstm_ae_1/decoder_1/lstm_cell_5/split33,int8,"[1, 16]"
216,satellite_lstm_ae_1/decoder_1/lstm_cell_5/Sigmoid,int8,"[1, 16]"
217,satellite_lstm_ae_1/decoder_1/lstm_cell_5/Sigmoid_1,int8,"[1, 16]"
218,satellite_lstm_ae_1/decoder_1/lstm_cell_5/mul,int8,"[1, 16]"
219,satellite_lstm_ae_1/decoder_1/lstm_cell_5/Sigmoid_2,int8,"[1, 16]"
220,satellite_lstm_ae_1/decoder_1/lstm_cell_5/Tanh,int8,"[1, 16]"
221,satellite_lstm_ae_1/decoder_1/lstm_cell_5/mul_1,int8,"[1, 16]"
222,satellite_lstm_ae_1/decoder_1/lstm_cell_5/add,int8,"[1, 16]"
223,satellite_lstm_ae_1/decoder_1/lstm_cell_5/Tanh_1,int8,"[1, 16]"
224,satellite_lstm_ae_1/decoder_1/lstm_cell_5/mul_2,int8,"[1, 16]"
225,satellite_lstm_ae_1/decoder_1/lstm_cell_7/MatMul_1,int8,"[1, 64]"
226,satellite_lstm_ae_1/decoder_1/lstm_cell_7/Squeeze,int8,[64]
227,satellite_lstm_ae_1/decoder_1/lstm_cell_7/MatMul,int8,"[1, 64]"
228,satellite_lstm_ae_1/decoder_1/lstm_cell_7/BiasAdd,int8,"[1, 64]"
229,satellite_lstm_ae_1/decoder_1/lstm_cell_7/BiasAdd_1,int8,"[1, 64]"
230,satellite_lstm_ae_1/decoder_1/lstm_cell_7/split;satellite_lstm_ae_1/decoder_1/lstm_cell_7/split1;satellite_lstm_ae_1/decoder_1/lstm_cell_7/split2;satellite_lstm_ae_1/decoder_1/lstm_cell_7/split3,int8,"[1, 16]"
231,satellite_lstm_ae_1/decoder_1/lstm_cell_7/split;satellite_lstm_ae_1/decoder_1/lstm_cell_7/split1;satellite_lstm_ae_1/decoder_1/lstm_cell_7/split2;satellite_lstm_ae_1/decoder_1/lstm_cell_7/split31,int8,"[1, 16]"
232,satellite_lstm_ae_1/decoder_1/lstm_cell_7/split;satellite_lstm_ae_1/decoder_1/lstm_cell_7/split1;satellite_lstm_ae_1/decoder_1/lstm_cell_7/split2;satellite_lstm_ae_1/decoder_1/lstm_cell_7/split32,int8,"[1, 16]"
233,satellite_lstm_ae_1/decoder_1/lstm_cell_7/split;satellite_lstm_ae_1/decoder_1/lstm_cell_7/split1;satellite_lstm_ae_1/decoder_1/lstm_cell_7/split2;satellite_lstm_ae_1/decoder_1/lstm_cell_7/split33,int8,"[1, 16]"
234,satellite_lstm_ae_1/decoder_1/lstm_cell_7/Sigmoid,int8,"[1, 16]"
235,satellite_lstm_ae_1/decoder_1/lstm_cell_7/Sigmoid_1,int8,"[1, 16]"
236,satellite_lstm_ae_1/decoder_1/lstm_cell_7/mul,int8,"[1, 16]"
237,satellite_lstm_ae_1/decoder_1/lstm_cell_7/Sigmoid_2,int8,"[1, 16]"
238,satellite_lstm_ae_1/decoder_1/lstm_cell_7/Tanh,int8,"[1, 16]"
239,satellite_lstm_ae_1/decoder_1/lstm_cell_7/mul_1,int8,"[1, 16]"
240,satellite_lstm_ae_1/decoder_1/lstm_cell_7/add,int8,"[1, 16]"
241,satellite_lstm_ae_1/decoder_1/lstm_cell_7/Tanh_1,int8,"[1, 16]"
242,satellite_lstm_ae_1/decoder_1/lstm_cell_7/mul_2,int8,"[1, 16]"
243,satellite_lstm_ae_1/decoder_1/lstm_cell_9/MatMul_1,int8,"[1, 64]"
244,satellite_lstm_ae_1/decoder_1/lstm_cell_9/Squeeze,int8,[64]
245,satellite_lstm_ae_1/decoder_1/lstm_cell_9/MatMul,int8,"[1, 64]"
246,satellite_lstm_ae_1/decoder_1/lstm_cell_9/BiasAdd,int8,"[1, 64]"
247,satellite_lstm_ae_1/decoder_1/lstm_cell_9/BiasAdd_1,int8,"[1, 64]"
248,satellite_lstm_ae_1/decoder_1/lstm_cell_9/split;satellite_lstm_ae_1/decoder_1/lstm_cell_9/split1;satellite_lstm_ae_1/decoder_1/lstm_cell_9/split2;satellite_lstm_ae_1/decoder_1/lstm_cell_9/split3,int8,"[1, 16]"
249,satellite_lstm_ae_1/decoder_1/lstm_cell_9/split;satellite_lstm_ae_1/decoder_1/lstm_cell_9/split1;satellite_lstm_ae_1/decoder_1/lstm_cell_9/split2;satellite_lstm_ae_1/decoder_1/lstm_cell_9/split31,int8,"[1, 16]"
250,satellite_lstm_ae_1/decoder_1/lstm_cell_9/split;satellite_lstm_ae_1/decoder_1/lstm_cell_9/split1;satellite_lstm_ae_1/decoder_1/lstm_cell_9/split2;satellite_lstm_ae_1/decoder_1/lstm_cell_9/split32,int8,"[1, 16]"
251,satellite_lstm_ae_1/decoder_1/lstm_cell_9/split;satellite_lstm_ae_1/decoder_1/lstm_cell_9/split1;satellite_lstm_ae_1/decoder_1/lstm_cell_9/split2;satellite_lstm_ae_1/decoder_1/lstm_cell_9/split33,int8,"[1, 16]"
252,satellite_lstm_ae_1/decoder_1/lstm_cell_9/Sigmoid,int8,"[1, 16]"
253,satellite_lstm_ae_1/decoder_1/lstm_cell_9/Sigmoid_1,int8,"[1, 16]"
254,satellite_lstm_ae_1/decoder_1/lstm_cell_9/mul,int8,"[1, 16]"
255,satellite_lstm_ae_1/decoder_1/lstm_cell_9/Sigmoid_2,int8,"[1, 16]"
256,satellite_lstm_ae_1/decoder_1/lstm_cell_9/Tanh,int8,"[1, 16]"
257,satellite_lstm_ae_1/decoder_1/lstm_cell_9/mul_1,int8,"[1, 16]"
258,satellite_lstm_ae_1/decoder_1/lstm_cell_9/add,int8,"[1, 16]"
259,satellite_lstm_ae_1/decoder_1/lstm_cell_9/Tanh_1,int8,"[1, 16]"
260,satellite_lstm_ae_1/decoder_1/lstm_cell_9/mul_2,int8,"[1, 16]"
261,satellite_lstm_ae_1/decoder_1/lstm_cell_11/MatMul_1,int8,"[1, 64]"
262,satellite_lstm_ae_1/decoder_1/lstm_cell_11/Squeeze,int8,[64]
263,satellite_lstm_ae_1/decoder_1/lstm_cell_11/BiasAdd,int8,"[1, 64]"
264,satellite_lstm_ae_1/decoder_1/lstm_cell_11/BiasAdd_1,int8,"[1, 64]"
265,satellite_lstm_ae_1/decoder_1/lstm_cell_11/split;satellite_lstm_ae_1/decoder_1/lstm_cell_11/split1;satellite_lstm_ae_1/decoder_1/lstm_cell_11/split2;satellite_lstm_ae_1/decoder_1/lstm_cell_11/split3,int8,"[1, 16]"
266,satellite_lstm_ae_1/decoder_1/lstm_cell_11/split;satellite_lstm_ae_1/decoder_1/lstm_cell_11/split1;satellite_lstm_ae_1/decoder_1/lstm_cell_11/split2;satellite_lstm_ae_1/decoder_1/lstm_cell_11/split31,int8,"[1, 16]"
267,satellite_lstm_ae_1/decoder_1/lstm_cell_11/split;satellite_lstm_ae_1/decoder_1/lstm_cell_11/split1;satellite_lstm_ae_1/decoder_1/lstm_cell_11/split2;satellite_lstm_ae_1/decoder_1/lstm_cell_11/split32,int8,"[1, 16]"
268,satellite_lstm_ae_1/decoder_1/lstm_cell_11/split;satellite_lstm_ae_1/decoder_1/lstm_cell_11/split1;satellite_lstm_ae_1/decoder_1/lstm_cell_11/split2;satellite_lstm_ae_1/decoder_1/lstm_cell_11/split33,int8,"[1, 16]"
269,satellite_lstm_ae_1/decoder_1/lstm_cell_11/Sigmoid,int8,"[1, 16]"
270,satellite_lstm_ae_1/decoder_1/lstm_cell_11/Sigmoid_1,int8,"[1, 16]"
271,satellite_lstm_ae_1/decoder_1/lstm_cell_11/mul,int8,"[1, 16]"
272,satellite_lstm_ae_1/decoder_1/lstm_cell_11/Sigmoid_2,int8,"[1, 16]"
273,satellite_lstm_ae_1/decoder_1/lstm_cell_11/Tanh,int8,"[1, 16]"
274,satellite_lstm_ae_1/decoder_1/lstm_cell_11/mul_1,int8,"[1, 16]"
275,satellite_lstm_ae_1/decoder_1/lstm_cell_11/add,int8,"[1, 16]"
276,satellite_lstm_ae_1/decoder_1/lstm_cell_11/Tanh_1,int8,"[1, 16]"
277,satellite_lstm_ae_1/decoder_1/lstm_cell_11/mul_2,int8,"[1, 16]"
278,satellite_lstm_ae_1/decoder_1/lstm_cell_13/MatMul_1,int8,"[1, 64]"
279,satellite_lstm_ae_1/decoder_1/lstm_cell_13/Squeeze,int8,[64]
280,satellite_lstm_ae_1/decoder_1/lstm_cell_13/BiasAdd,int8,"[1, 64]"
281,satellite_lstm_ae_1/decoder_1/lstm_cell_13/BiasAdd_1,int8,"[1, 64]"
282,satellite_lstm_ae_1/decoder_1/lstm_cell_13/split;satellite_lstm_ae_1/decoder_1/lstm_cell_13/split1;satellite_lstm_ae_1/decoder_1/lstm_cell_13/split2;satellite_lstm_ae_1/decoder_1/lstm_cell_13/split3,int8,"[1, 16]"
283,satellite_lstm_ae_1/decoder_1/lstm_cell_13/split;satellite_lstm_ae_1/decoder_1/lstm_cell_13/split1;satellite_lstm_ae_1/decoder_1/lstm_cell_13/split2;satellite_lstm_ae_1/decoder_1/lstm_cell_13/split31,int8,"[1, 16]"
284,satellite_lstm_ae_1/decoder_1/lstm_cell_13/split;satellite_lstm_ae_1/decoder_1/lstm_cell_13/split1;satellite_lstm_ae_1/decoder_1/lstm_cell_13/split2;satellite_lstm_ae_1/decoder_1/lstm_cell_13/split32,int8,"[1, 16]"
285,satellite_lstm_ae_1/decoder_1/lstm_cell_13/split;satellite_lstm_ae_1/decoder_1/lstm_cell_13/split1;satellite_lstm_ae_1/decoder_1/lstm_cell_13/split2;satellite_lstm_ae_1/decoder_1/lstm_cell_13/split33,int8,"[1, 16]"
286,satellite_lstm_ae_1/decoder_1/lstm_cell_13/Sigmoid,int8,"[1, 16]"
287,satellite_lstm_ae_1/decoder_1/lstm_cell_13/Sigmoid_1,int8,"[1, 16]"
288,satellite_lstm_ae_1/decoder_1/lstm_cell_13/mul,int8,"[1, 16]"
289,satellite_lstm_ae_1/decoder_1/lstm_cell_13/Sigmoid_2,int8,"[1, 16]"
290,satellite_lstm_ae_1/decoder_1/lstm_cell_13/Tanh,int8,"[1, 16]"
291,satellite_lstm_ae_1/decoder_1/lstm_cell_13/mul_1,int8,"[1, 16]"
292,satellite_lstm_ae_1/decoder_1/lstm_cell_13/add,int8,"[1, 16]"
293,satellite_lstm_ae_1/decoder_1/lstm_cell_13/Tanh_1,int8,"[1, 16]"
294,satellite_lstm_ae_1/decoder_1/lstm_cell_13/mul_2,int8,"[1, 16]"
295,satellite_lstm_ae_1/decoder_1/lstm_cell_15/MatMul_1,int8,"[1, 64]"
296,satellite_lstm_ae_1/decoder_1/lstm_cell_15/Squeeze,int8,[64]
297,satellite_lstm_ae_1/decoder_1/lstm_cell_15/BiasAdd,int8,"[1, 64]"
298,satellite_lstm_ae_1/decoder_1/lstm_cell_15/BiasAdd_1,int8,"[1, 64]"
299,satellite_lstm_ae_1/decoder_1/lstm_cell_15/split;satellite_lstm_ae_1/decoder_1/lstm_cell_15/split1;satellite_lstm_ae_1/decoder_1/lstm_cell_15/split2;satellite_lstm_ae_1/decoder_1/lstm_cell_15/split3,int8,"[1, 16]"
300,satellite_lstm_ae_1/decoder_1/lstm_cell_15/split;satellite_lstm_ae_1/decoder_1/lstm_cell_15/split1;satellite_lstm_ae_1/decoder_1/lstm_cell_15/split2;satellite_lstm_ae_1/decoder_1/lstm_cell_15/split31,int8,"[1, 16]"
301,satellite_lstm_ae_1/decoder_1/lstm_cell_15/split;satellite_lstm_ae_1/decoder_1/lstm_cell_15/split1;satellite_lstm_ae_1/decoder_1/lstm_cell_15/split2;satellite_lstm_ae_1/decoder_1/lstm_cell_15/split32,int8,"[1, 16]"
302,satellite_lstm_ae_1/decoder_1/lstm_cell_15/split;satellite_lstm_ae_1/decoder_1/lstm_cell_15/split1;satellite_lstm_ae_1/decoder_1/lstm_cell_15/split2;satellite_lstm_ae_1/decoder_1/lstm_cell_15/split33,int8,"[1, 16]"
303,satellite_lstm_ae_1/decoder_1/lstm_cell_15/Sigmoid,int8,"[1, 16]"
304,satellite_lstm_ae_1/decoder_1/lstm_cell_15/Sigmoid_1,int8,"[1, 16]"
305,satellite_lstm_ae_1/decoder_1/lstm_cell_15/mul,int8,"[1, 16]"
306,satellite_lstm_ae_1/decoder_1/lstm_cell_15/Sigmoid_2,int8,"[1, 16]"
307,satellite_lstm_ae_1/decoder_1/lstm_cell_15/Tanh,int8,"[1, 16]"
308,satellite_lstm_ae_1/decoder_1/lstm_cell_15/mul_1,int8,"[1, 16]"
309,satellite_lstm_ae_1/decoder_1/lstm_cell_15/add,int8,"[1, 16]"
310,satellite_lstm_ae_1/decoder_1/lstm_cell_15/Tanh_1,int8,"[1, 16]"
311,satellite_lstm_ae_1/decoder_1/lstm_cell_15/mul_2,int8,"[1, 16]"
312,satellite_lstm_ae_1/decoder_1/stack,int8,"[8, 1, 16]"
313,satellite_lstm_ae_1/decoder_1/transpose_1,int8,"[1, 8, 16]"
314,Identity,int8,"[1, 8, 1]"
