channel,train,anomaly,segment_count
CADC0872,0,0,100
CADC0872,0,1,32
CADC0872,1,0,315
CADC0872,1,1,99
CADC0873,0,0,122
CADC0873,0,1,31
CADC0873,1,0,366
CADC0873,1,1,74
CADC0874,0,0,29
CADC0874,0,1,23
CADC0874,1,0,96
CADC0874,1,1,46
CADC0884,0,0,36
CADC0884,1,0,122
CADC0886,0,0,3
CADC0886,0,1,1
CADC0886,1,0,5
CADC0886,1,1,2
CADC0888,0,0,52
CADC0888,0,1,12
CADC0888,1,0,140
CADC0888,1,1,48
CADC0890,0,1,2
CADC0890,1,0,3
CADC0890,1,1,9
CADC0892,0,0,46
CADC0892,0,1,7
CADC0892,1,0,131
CADC0892,1,1,27
CADC0894,0,0,28
CADC0894,0,1,5
CADC0894,1,0,95
CADC0894,1,1,16
