channel,segment,anomaly,train,subset,use_for_ae_fit
CADC0872,1,1,1,train,False
CADC0872,2,1,1,validation,False
CADC0872,3,1,1,train,False
CADC0872,4,1,1,train,False
CADC0872,5,0,0,test,False
CADC0872,6,0,1,validation,False
CADC0872,7,0,0,test,False
CADC0872,8,1,1,validation,False
CADC0872,9,1,1,train,False
CADC0872,10,0,1,train,True
CADC0872,11,0,1,validation,False
CADC0872,12,0,0,test,False
CADC0872,13,1,0,test,False
CADC0872,14,0,1,validation,False
CADC0872,15,1,1,train,False
CADC0872,16,0,1,train,True
CADC0872,17,0,1,train,True
CADC0872,18,0,0,test,False
CADC0872,19,1,1,train,False
CADC0872,20,1,0,test,False
CADC0872,21,1,0,test,False
CADC0872,22,1,1,train,False
CADC0872,23,0,1,train,True
CADC0872,24,1,1,train,False
CADC0872,25,0,1,train,True
CADC0872,26,0,1,train,True
CADC0872,27,0,1,train,True
CADC0872,28,0,0,test,False
CADC0872,29,1,1,train,False
CADC0872,30,0,0,test,False
CADC0872,31,1,0,test,False
CADC0872,32,0,1,train,True
CADC0872,33,0,1,train,True
CADC0872,34,0,1,validation,False
CADC0872,35,0,0,test,False
CADC0872,36,0,1,train,True
CADC0872,37,0,1,train,True
CADC0872,38,0,1,train,True
CADC0872,39,0,1,train,True
CADC0872,40,0,1,train,True
CADC0872,41,0,1,train,True
CADC0872,42,0,0,test,False
CADC0872,43,0,0,test,False
CADC0872,44,0,1,validation,False
CADC0872,45,0,1,train,True
CADC0872,46,0,1,train,True
CADC0872,47,0,1,train,True
CADC0872,48,0,1,train,True
CADC0872,49,0,1,validation,False
CADC0872,50,0,0,test,False
CADC0872,51,1,1,train,False
CADC0872,52,1,1,train,False
CADC0872,53,0,1,train,True
CADC0872,54,0,0,test,False
CADC0872,55,0,1,validation,False
CADC0872,56,0,1,train,True
CADC0872,57,1,1,train,False
CADC0872,58,0,1,train,True
CADC0872,59,1,1,train,False
CADC0872,60,1,1,validation,False
CADC0872,61,0,0,test,False
CADC0872,62,1,1,train,False
CADC0872,63,0,0,test,False
CADC0872,64,0,0,test,False
CADC0872,65,0,1,validation,False
CADC0872,66,0,0,test,False
CADC0872,67,0,1,train,True
CADC0872,68,0,1,train,True
CADC0872,69,0,1,train,True
CADC0872,70,0,1,validation,False
CADC0872,71,1,1,train,False
CADC0872,72,0,0,test,False
CADC0872,73,0,1,train,True
CADC0872,74,1,1,train,False
CADC0872,75,0,0,test,False
CADC0872,76,0,1,train,True
CADC0872,77,0,1,train,True
CADC0872,78,0,1,train,True
CADC0872,79,0,1,validation,False
CADC0872,80,1,1,train,False
CADC0872,81,1,0,test,False
CADC0872,82,1,1,validation,False
CADC0872,83,0,1,train,True
CADC0872,84,0,1,train,True
CADC0872,85,0,1,train,True
CADC0872,86,0,0,test,False
CADC0872,87,0,0,test,False
CADC0872,88,0,1,train,True
CADC0872,89,0,1,train,True
CADC0872,90,1,1,train,False
CADC0872,91,0,0,test,False
CADC0872,92,0,1,train,True
CADC0872,93,0,1,train,True
CADC0872,94,0,0,test,False
CADC0872,95,1,1,train,False
CADC0872,96,0,1,validation,False
CADC0872,97,1,1,train,False
CADC0872,98,0,1,train,True
CADC0872,99,1,1,train,False
CADC0872,100,0,1,train,True
CADC0872,101,0,1,train,True
CADC0872,102,0,1,validation,False
CADC0872,103,0,0,test,False
CADC0872,104,1,0,test,False
CADC0872,105,0,1,validation,False
CADC0872,106,1,1,train,False
CADC0872,107,0,1,train,True
CADC0872,108,0,0,test,False
CADC0872,109,0,1,train,True
CADC0872,110,1,0,test,False
CADC0872,111,0,1,train,True
CADC0872,112,0,0,test,False
CADC0872,113,0,1,train,True
CADC0872,114,1,0,test,False
CADC0872,115,0,0,test,False
CADC0872,116,0,1,validation,False
CADC0872,117,0,1,train,True
CADC0872,118,0,1,train,True
CADC0872,119,1,0,test,False
CADC0872,120,0,0,test,False
CADC0872,121,1,1,validation,False
CADC0872,122,0,1,train,True
CADC0872,123,0,1,train,True
CADC0872,124,0,1,validation,False
CADC0872,125,1,1,train,False
CADC0872,126,1,1,train,False
CADC0872,127,1,1,train,False
CADC0872,128,0,1,train,True
CADC0872,129,1,1,train,False
CADC0872,130,0,1,train,True
CADC0872,131,0,0,test,False
CADC0872,132,1,0,test,False
CADC0872,133,0,1,validation,False
CADC0872,134,1,1,train,False
CADC0872,135,0,1,train,True
CADC0872,136,1,1,train,False
CADC0872,137,0,1,train,True
CADC0872,138,0,1,train,True
CADC0872,139,1,1,train,False
CADC0872,140,0,1,validation,False
CADC0872,141,1,1,train,False
CADC0872,142,0,0,test,False
CADC0872,143,1,1,train,False
CADC0872,144,0,1,train,True
CADC0872,145,0,1,train,True
CADC0872,146,1,1,validation,False
CADC0872,147,0,0,test,False
CADC0872,148,1,0,test,False
CADC0872,149,0,1,train,True
CADC0872,150,1,1,validation,False
CADC0872,151,1,1,train,False
CADC0872,152,0,1,train,True
CADC0872,153,0,1,train,True
CADC0872,154,0,1,train,True
CADC0872,155,0,0,test,False
CADC0872,156,0,1,validation,False
CADC0872,157,0,1,train,True
CADC0872,158,0,1,validation,False
CADC0872,159,0,1,train,True
CADC0872,160,1,1,train,False
CADC0872,161,0,1,train,True
CADC0872,162,1,1,validation,False
CADC0872,163,1,1,train,False
CADC0872,164,0,1,train,True
CADC0872,165,1,1,train,False
CADC0872,166,1,1,validation,False
CADC0872,167,0,0,test,False
CADC0872,168,0,1,train,True
CADC0872,169,0,1,train,True
CADC0872,170,1,1,train,False
CADC0872,171,0,1,train,True
CADC0872,172,0,1,train,True
CADC0872,173,0,1,train,True
CADC0872,174,1,1,train,False
CADC0872,175,0,1,train,True
CADC0872,176,1,1,train,False
CADC0872,177,0,1,train,True
CADC0872,178,0,1,train,True
CADC0872,179,1,1,validation,False
CADC0872,180,0,1,train,True
CADC0872,181,0,1,train,True
CADC0872,182,1,0,test,False
CADC0872,183,0,1,train,True
CADC0872,184,1,0,test,False
CADC0872,185,0,1,train,True
CADC0872,186,0,1,train,True
CADC0872,187,0,1,train,True
CADC0872,188,1,1,train,False
CADC0872,189,0,0,test,False
CADC0872,190,1,0,test,False
CADC0872,191,1,1,train,False
CADC0872,192,1,1,train,False
CADC0872,193,1,1,train,False
CADC0872,194,1,1,train,False
CADC0872,195,1,1,train,False
CADC0872,196,0,1,train,True
CADC0872,197,1,1,train,False
CADC0872,198,1,0,test,False
CADC0872,199,0,1,validation,False
CADC0872,200,0,1,train,True
CADC0872,201,1,1,train,False
CADC0872,202,1,1,train,False
CADC0872,203,0,1,validation,False
CADC0872,204,1,0,test,False
CADC0872,205,1,1,train,False
CADC0872,206,0,0,test,False
CADC0872,207,1,1,train,False
CADC0872,208,0,1,train,True
CADC0872,209,1,0,test,False
CADC0872,210,0,1,validation,False
CADC0872,211,0,1,train,True
CADC0872,212,1,1,train,False
CADC0872,213,0,1,train,True
CADC0872,214,1,1,train,False
CADC0872,215,0,1,train,True
CADC0872,216,0,1,validation,False
CADC0872,217,0,1,train,True
CADC0872,218,0,0,test,False
CADC0892,219,0,1,train,True
CADC0892,220,0,1,train,True
CADC0892,221,0,0,test,False
CADC0892,222,0,1,train,True
CADC0892,223,0,1,train,True
CADC0892,224,0,0,test,False
CADC0892,225,0,1,validation,False
CADC0892,226,0,0,test,False
CADC0892,227,0,1,train,True
CADC0892,228,0,0,test,False
CADC0892,229,0,0,test,False
CADC0892,230,0,1,validation,False
CADC0892,231,0,1,train,True
CADC0892,232,0,1,train,True
CADC0892,233,0,1,train,True
CADC0892,234,0,1,train,True
CADC0892,235,1,0,test,False
CADC0892,236,0,1,train,True
CADC0892,237,0,1,train,True
CADC0874,238,1,1,validation,False
CADC0874,239,1,0,test,False
CADC0874,240,0,1,train,True
CADC0874,241,1,1,train,False
CADC0874,242,0,1,train,True
CADC0874,243,1,0,test,False
CADC0874,244,1,1,validation,False
CADC0874,245,0,1,train,True
CADC0874,246,1,1,train,False
CADC0874,247,1,1,validation,False
CADC0874,248,1,1,train,False
CADC0874,249,1,1,train,False
CADC0874,250,1,1,train,False
CADC0874,251,0,1,train,True
CADC0874,252,1,0,test,False
CADC0874,253,1,1,train,False
CADC0874,254,0,1,train,True
CADC0874,255,0,1,validation,False
CADC0874,256,1,0,test,False
CADC0874,257,0,1,train,True
CADC0874,258,0,1,train,True
CADC0874,259,0,1,train,True
CADC0874,260,0,0,test,False
CADC0874,261,1,0,test,False
CADC0874,262,0,1,train,True
CADC0874,263,1,1,train,False
CADC0874,264,1,1,train,False
CADC0874,265,1,0,test,False
CADC0874,266,0,0,test,False
CADC0874,267,0,1,train,True
CADC0874,268,0,1,train,True
CADC0874,269,1,1,validation,False
CADC0874,270,1,0,test,False
CADC0874,271,0,1,train,True
CADC0874,272,1,1,train,False
CADC0874,273,1,0,test,False
CADC0874,274,0,1,train,True
CADC0874,275,0,1,train,True
CADC0874,276,1,0,test,False
CADC0874,277,0,0,test,False
CADC0874,278,1,0,test,False
CADC0874,279,1,0,test,False
CADC0874,280,1,1,train,False
CADC0874,281,0,1,train,True
CADC0874,282,1,1,train,False
CADC0874,283,1,1,train,False
CADC0874,284,1,1,train,False
CADC0874,285,0,1,validation,False
CADC0874,286,1,1,train,False
CADC0874,287,0,1,train,True
CADC0874,288,1,1,validation,False
CADC0874,289,1,0,test,False
CADC0874,290,1,1,train,False
CADC0874,291,1,1,train,False
CADC0874,292,1,0,test,False
CADC0874,293,1,1,train,False
CADC0874,294,1,1,train,False
CADC0874,295,1,1,train,False
CADC0874,296,1,1,train,False
CADC0874,297,1,1,train,False
CADC0874,298,1,1,train,False
CADC0874,299,1,1,train,False
CADC0874,300,1,1,train,False
CADC0874,301,1,0,test,False
CADC0874,302,0,1,train,True
CADC0874,303,0,1,train,True
CADC0874,304,0,0,test,False
CADC0874,305,1,1,validation,False
CADC0874,306,1,0,test,False
CADC0874,307,1,1,validation,False
CADC0874,308,0,0,test,False
CADC0874,309,1,0,test,False
CADC0874,310,0,0,test,False
CADC0874,311,1,1,train,False
CADC0874,312,1,1,validation,False
CADC0874,313,1,1,train,False
CADC0874,314,0,0,test,False
CADC0874,315,1,0,test,False
CADC0874,316,1,1,train,False
CADC0874,317,0,1,train,True
CADC0874,318,1,0,test,False
CADC0874,319,1,1,train,False
CADC0874,320,1,0,test,False
CADC0874,321,1,1,train,False
CADC0874,322,1,1,train,False
CADC0874,323,0,1,train,True
CADC0874,324,1,1,validation,False
CADC0874,325,1,1,train,False
CADC0874,326,1,0,test,False
CADC0874,327,1,0,test,False
CADC0874,328,1,0,test,False
CADC0874,329,0,1,validation,False
CADC0874,330,1,1,train,False
CADC0874,331,0,1,train,True
CADC0874,332,0,1,train,True
CADC0884,333,0,1,train,True
CADC0884,334,0,1,train,True
CADC0884,335,0,1,train,True
CADC0884,336,0,0,test,False
CADC0884,337,0,1,train,True
CADC0884,338,0,1,train,True
CADC0884,339,0,1,validation,False
CADC0884,340,0,1,train,True
CADC0884,341,0,1,train,True
CADC0884,342,0,1,train,True
CADC0884,343,0,0,test,False
CADC0884,344,0,1,train,True
CADC0884,345,0,1,train,True
CADC0884,346,0,1,train,True
CADC0884,347,0,1,train,True
CADC0884,348,0,1,train,True
CADC0884,349,0,1,train,True
CADC0884,350,0,1,train,True
CADC0884,351,0,0,test,False
CADC0884,352,0,1,validation,False
CADC0884,353,0,1,train,True
CADC0884,354,0,1,train,True
CADC0884,355,0,1,train,True
CADC0884,356,0,0,test,False
CADC0884,357,0,0,test,False
CADC0884,358,0,1,validation,False
CADC0884,359,0,1,train,True
CADC0884,360,0,1,validation,False
CADC0884,361,0,1,train,True
CADC0884,362,0,1,train,True
CADC0884,363,0,1,train,True
CADC0884,364,0,1,validation,False
CADC0884,365,0,1,train,True
CADC0884,366,0,1,train,True
CADC0884,367,0,1,train,True
CADC0884,368,0,1,train,True
CADC0884,369,0,1,train,True
CADC0884,370,0,1,validation,False
CADC0884,371,0,1,train,True
CADC0884,372,0,0,test,False
CADC0884,373,0,1,train,True
CADC0884,374,0,1,train,True
CADC0884,375,0,1,validation,False
CADC0884,376,0,1,train,True
CADC0884,377,0,1,train,True
CADC0884,378,0,1,train,True
CADC0884,379,0,1,validation,False
CADC0884,380,0,1,train,True
CADC0884,381,0,0,test,False
CADC0884,382,0,0,test,False
CADC0884,383,0,1,train,True
CADC0884,384,0,0,test,False
CADC0884,385,0,1,train,True
CADC0884,386,0,1,train,True
CADC0884,387,0,1,train,True
CADC0884,388,0,0,test,False
CADC0884,389,0,1,train,True
CADC0884,390,0,1,train,True
CADC0884,391,0,1,train,True
CADC0884,392,0,1,train,True
CADC0884,393,0,1,train,True
CADC0884,394,0,1,train,True
CADC0884,395,0,0,test,False
CADC0884,396,0,1,train,True
CADC0884,397,0,0,test,False
CADC0884,398,0,1,validation,False
CADC0884,399,0,1,train,True
CADC0884,400,0,1,train,True
CADC0884,401,0,1,validation,False
CADC0884,402,0,1,train,True
CADC0884,403,0,0,test,False
CADC0884,404,0,1,validation,False
CADC0884,405,0,1,train,True
CADC0884,406,0,0,test,False
CADC0884,407,0,1,train,True
CADC0884,408,0,1,train,True
CADC0884,409,0,1,train,True
CADC0884,410,0,0,test,False
CADC0884,411,0,1,train,True
CADC0884,412,0,1,train,True
CADC0884,413,0,1,train,True
CADC0884,414,0,1,train,True
CADC0884,415,0,0,test,False
CADC0884,416,0,1,train,True
CADC0884,417,0,0,test,False
CADC0884,418,0,1,train,True
CADC0884,419,0,1,train,True
CADC0884,420,0,0,test,False
CADC0884,421,0,0,test,False
CADC0884,422,0,1,train,True
CADC0884,423,0,1,train,True
CADC0884,424,0,1,train,True
CADC0884,425,0,1,train,True
CADC0884,426,0,1,train,True
CADC0884,427,0,0,test,False
CADC0884,428,0,1,train,True
CADC0884,429,0,0,test,False
CADC0884,430,0,1,validation,False
CADC0884,431,0,1,train,True
CADC0884,432,0,1,train,True
CADC0884,433,0,0,test,False
CADC0884,434,0,1,validation,False
CADC0884,435,0,1,train,True
CADC0884,436,0,1,validation,False
CADC0884,437,0,0,test,False
CADC0884,438,0,1,validation,False
CADC0884,439,0,1,validation,False
CADC0884,440,0,0,test,False
CADC0884,441,0,1,train,True
CADC0884,442,0,1,train,True
CADC0873,443,1,1,train,False
CADC0873,444,1,0,test,False
CADC0873,445,0,1,train,True
CADC0873,446,1,1,train,False
CADC0873,447,1,1,train,False
CADC0873,448,0,1,train,True
CADC0873,449,0,0,test,False
CADC0873,450,1,0,test,False
CADC0873,451,1,1,validation,False
CADC0873,452,1,0,test,False
CADC0873,453,1,1,train,False
CADC0873,454,0,1,train,True
CADC0873,455,0,1,train,True
CADC0873,456,0,1,train,True
CADC0873,457,1,1,validation,False
CADC0873,458,1,0,test,False
CADC0873,459,0,1,train,True
CADC0873,460,0,1,train,True
CADC0873,461,0,1,validation,False
CADC0873,462,0,1,train,True
CADC0873,463,1,1,train,False
CADC0873,464,1,1,train,False
CADC0873,465,1,1,train,False
CADC0873,466,1,0,test,False
CADC0873,467,1,1,train,False
CADC0873,468,1,1,train,False
CADC0873,469,0,1,validation,False
CADC0873,470,0,1,train,True
CADC0873,471,0,1,validation,False
CADC0873,472,0,1,train,True
CADC0873,473,1,1,train,False
CADC0873,474,1,1,train,False
CADC0873,475,1,1,train,False
CADC0873,476,0,0,test,False
CADC0873,477,0,1,train,True
CADC0873,478,0,0,test,False
CADC0873,479,0,1,train,True
CADC0873,480,0,1,train,True
CADC0873,481,0,1,train,True
CADC0873,482,0,1,train,True
CADC0873,483,0,1,train,True
CADC0873,484,1,1,validation,False
CADC0873,485,0,1,train,True
CADC0873,486,0,1,train,True
CADC0873,487,0,1,validation,False
CADC0873,488,0,1,train,True
CADC0873,489,0,1,train,True
CADC0873,490,0,1,validation,False
CADC0873,491,0,1,train,True
CADC0873,492,0,1,train,True
CADC0873,493,0,0,test,False
CADC0873,494,0,1,validation,False
CADC0873,495,1,1,train,False
CADC0873,496,0,1,validation,False
CADC0873,497,0,1,validation,False
CADC0873,498,0,0,test,False
CADC0873,499,0,1,validation,False
CADC0873,500,0,0,test,False
CADC0873,501,1,1,validation,False
CADC0873,502,1,1,train,False
CADC0873,503,0,1,train,True
CADC0873,504,1,0,test,False
CADC0873,505,0,1,train,True
CADC0873,506,1,1,train,False
CADC0873,507,0,1,train,True
CADC0873,508,0,1,train,True
CADC0873,509,0,1,train,True
CADC0873,510,0,1,train,True
CADC0873,511,0,1,train,True
CADC0873,512,0,1,validation,False
CADC0873,513,0,1,validation,False
CADC0873,514,1,1,train,False
CADC0873,515,0,1,train,True
CADC0873,516,0,1,validation,False
CADC0873,517,1,1,train,False
CADC0873,518,1,1,train,False
CADC0873,519,0,1,train,True
CADC0873,520,0,0,test,False
CADC0873,521,0,1,train,True
CADC0873,522,0,0,test,False
CADC0873,523,0,1,train,True
CADC0873,524,1,0,test,False
CADC0873,525,1,1,train,False
CADC0873,526,1,1,train,False
CADC0873,527,0,1,train,True
CADC0873,528,0,1,train,True
CADC0873,529,0,0,test,False
CADC0873,530,0,1,train,True
CADC0873,531,0,1,train,True
CADC0873,532,0,1,train,True
CADC0873,533,0,0,test,False
CADC0873,534,1,1,train,False
CADC0873,535,0,0,test,False
CADC0873,536,0,1,train,True
CADC0873,537,0,0,test,False
CADC0873,538,0,1,validation,False
CADC0873,539,1,1,validation,False
CADC0873,540,0,1,validation,False
CADC0873,541,1,1,train,False
CADC0873,542,0,1,train,True
CADC0873,543,1,0,test,False
CADC0873,544,0,1,train,True
CADC0873,545,0,1,validation,False
CADC0873,546,0,0,test,False
CADC0873,547,0,0,test,False
CADC0873,548,1,1,train,False
CADC0873,549,1,1,train,False
CADC0873,550,0,0,test,False
CADC0873,551,0,1,train,True
CADC0873,552,0,1,train,True
CADC0873,553,0,0,test,False
CADC0873,554,1,0,test,False
CADC0873,555,0,1,train,True
CADC0873,556,0,0,test,False
CADC0873,557,0,1,train,True
CADC0873,558,1,0,test,False
CADC0873,559,0,1,train,True
CADC0873,560,0,1,train,True
CADC0873,561,0,1,train,True
CADC0873,562,1,1,validation,False
CADC0873,563,0,1,train,True
CADC0873,564,1,0,test,False
CADC0873,565,1,0,test,False
CADC0873,566,0,0,test,False
CADC0873,567,0,1,train,True
CADC0873,568,0,1,train,True
CADC0873,569,1,0,test,False
CADC0873,570,1,1,train,False
CADC0873,571,1,1,train,False
CADC0873,572,0,1,train,True
CADC0873,573,1,1,train,False
CADC0873,574,0,1,train,True
CADC0873,575,0,1,train,True
CADC0873,576,1,0,test,False
CADC0873,577,0,1,train,True
CADC0873,578,1,1,validation,False
CADC0873,579,1,1,train,False
CADC0873,580,0,1,train,True
CADC0873,581,0,1,train,True
CADC0873,582,0,0,test,False
CADC0873,583,1,1,train,False
CADC0873,584,0,1,train,True
CADC0873,585,1,0,test,False
CADC0873,586,0,1,validation,False
CADC0873,587,1,1,train,False
CADC0873,588,0,1,train,True
CADC0873,589,0,1,train,True
CADC0873,590,1,0,test,False
CADC0873,591,0,0,test,False
CADC0873,592,1,1,train,False
CADC0873,593,1,1,train,False
CADC0873,594,0,0,test,False
CADC0873,595,1,1,train,False
CADC0873,596,0,1,train,True
CADC0873,597,0,1,train,True
CADC0873,598,0,1,train,True
CADC0873,599,0,1,train,True
CADC0873,600,0,0,test,False
CADC0873,601,0,1,train,True
CADC0873,602,0,0,test,False
CADC0873,603,0,1,validation,False
CADC0873,604,1,1,train,False
CADC0873,605,0,0,test,False
CADC0873,606,1,1,validation,False
CADC0873,607,1,1,validation,False
CADC0873,608,0,1,validation,False
CADC0873,609,1,1,train,False
CADC0873,610,1,0,test,False
CADC0873,611,0,0,test,False
CADC0873,612,0,1,validation,False
CADC0873,613,0,1,train,True
CADC0873,614,1,0,test,False
CADC0873,615,0,0,test,False
CADC0873,616,0,0,test,False
CADC0873,617,1,1,train,False
CADC0873,618,0,1,train,True
CADC0873,619,0,1,train,True
CADC0873,620,0,1,validation,False
CADC0873,621,0,1,validation,False
CADC0873,622,0,1,train,True
CADC0873,623,1,0,test,False
CADC0873,624,0,1,train,True
CADC0873,625,0,1,train,True
CADC0873,626,1,1,validation,False
CADC0873,627,1,0,test,False
CADC0873,628,0,0,test,False
CADC0873,629,0,1,validation,False
CADC0873,630,0,0,test,False
CADC0873,631,0,1,train,True
CADC0873,632,1,0,test,False
CADC0873,633,0,0,test,False
CADC0873,634,1,1,train,False
CADC0873,635,1,1,train,False
CADC0873,636,0,1,train,True
CADC0873,637,1,1,train,False
CADC0873,638,1,0,test,False
CADC0873,639,1,1,train,False
CADC0873,640,0,1,train,True
CADC0873,641,1,1,train,False
CADC0873,642,1,1,train,False
CADC0873,643,0,1,validation,False
CADC0873,644,0,1,train,True
CADC0873,645,1,1,train,False
CADC0873,646,1,1,train,False
CADC0873,647,0,0,test,False
CADC0873,648,1,1,train,False
CADC0873,649,0,1,validation,False
CADC0873,650,1,1,train,False
CADC0873,651,0,1,train,True
CADC0873,652,0,1,validation,False
CADC0873,653,1,1,train,False
CADC0873,654,0,1,validation,False
CADC0873,655,1,0,test,False
CADC0873,656,0,1,train,True
CADC0873,657,1,1,validation,False
CADC0873,658,0,1,validation,False
CADC0873,659,0,1,train,True
CADC0873,660,0,1,train,True
CADC0873,661,0,1,validation,False
CADC0873,662,1,1,validation,False
CADC0884,663,0,1,train,True
CADC0884,664,0,1,train,True
CADC0884,665,0,1,validation,False
CADC0884,666,0,1,train,True
CADC0884,667,0,1,train,True
CADC0884,668,0,1,train,True
CADC0884,669,0,1,train,True
CADC0884,670,0,0,test,False
CADC0884,671,0,0,test,False
CADC0884,672,0,1,train,True
CADC0884,673,0,1,train,True
CADC0884,674,0,1,train,True
CADC0884,675,0,1,train,True
CADC0884,676,0,1,train,True
CADC0884,677,0,1,train,True
CADC0884,678,0,0,test,False
CADC0884,679,0,0,test,False
CADC0884,680,0,0,test,False
CADC0884,681,0,1,train,True
CADC0884,682,0,0,test,False
CADC0884,683,0,0,test,False
CADC0884,684,0,1,validation,False
CADC0884,685,0,1,train,True
CADC0884,686,0,1,train,True
CADC0884,687,0,1,train,True
CADC0884,688,0,1,validation,False
CADC0884,689,0,1,validation,False
CADC0884,690,0,1,train,True
CADC0884,691,0,1,train,True
CADC0884,692,0,1,train,True
CADC0884,693,0,1,validation,False
CADC0884,694,0,1,train,True
CADC0884,695,0,1,train,True
CADC0884,696,0,1,train,True
CADC0884,697,0,1,train,True
CADC0884,698,0,1,validation,False
CADC0884,699,0,1,train,True
CADC0884,700,0,1,validation,False
CADC0884,701,0,0,test,False
CADC0884,702,0,1,train,True
CADC0884,703,0,1,validation,False
CADC0884,704,0,1,train,True
CADC0884,705,0,1,train,True
CADC0884,706,0,0,test,False
CADC0884,707,0,0,test,False
CADC0884,708,0,0,test,False
CADC0884,709,0,1,validation,False
CADC0884,710,0,0,test,False
CADC0874,711,0,0,test,False
CADC0874,712,0,0,test,False
CADC0874,713,0,1,train,True
CADC0874,714,0,1,train,True
CADC0874,715,0,0,test,False
CADC0874,716,0,1,train,True
CADC0874,717,0,0,test,False
CADC0874,718,0,1,train,True
CADC0874,719,0,1,train,True
CADC0874,720,0,1,validation,False
CADC0874,721,0,1,train,True
CADC0874,722,0,0,test,False
CADC0874,723,0,1,train,True
CADC0874,724,0,1,validation,False
CADC0874,725,0,1,validation,False
CADC0874,726,0,0,test,False
CADC0874,727,0,1,train,True
CADC0874,728,0,1,train,True
CADC0874,729,0,1,train,True
CADC0874,730,0,1,train,True
CADC0874,731,0,1,validation,False
CADC0874,732,0,1,validation,False
CADC0874,733,0,0,test,False
CADC0874,734,0,0,test,False
CADC0874,735,0,0,test,False
CADC0874,736,1,1,train,False
CADC0874,737,0,1,train,True
CADC0874,738,0,0,test,False
CADC0874,739,0,1,train,True
CADC0874,740,0,1,train,True
CADC0874,741,0,1,validation,False
CADC0874,742,0,1,train,True
CADC0874,743,0,1,train,True
CADC0874,744,0,1,train,True
CADC0874,745,0,1,validation,False
CADC0874,746,0,0,test,False
CADC0874,747,0,1,train,True
CADC0874,748,0,1,validation,False
CADC0874,749,0,0,test,False
CADC0874,750,0,1,train,True
CADC0874,751,0,1,validation,False
CADC0874,752,0,1,train,True
CADC0874,753,0,0,test,False
CADC0874,754,1,1,validation,False
CADC0874,755,1,1,train,False
CADC0874,756,1,0,test,False
CADC0874,757,0,1,train,True
CADC0874,758,0,1,train,True
CADC0874,759,0,1,validation,False
CADC0874,760,0,1,train,True
CADC0874,761,0,0,test,False
CADC0874,762,0,1,train,True
CADC0874,763,0,1,validation,False
CADC0874,764,0,0,test,False
CADC0874,765,0,1,train,True
CADC0874,766,0,1,train,True
CADC0874,767,0,0,test,False
CADC0874,768,1,1,train,False
CADC0874,769,0,1,train,True
CADC0874,770,0,1,train,True
CADC0874,771,0,1,train,True
CADC0874,772,0,1,train,True
CADC0874,773,0,1,train,True
CADC0874,774,0,1,validation,False
CADC0874,775,0,1,train,True
CADC0874,776,0,1,validation,False
CADC0874,777,0,1,train,True
CADC0874,778,0,1,train,True
CADC0874,779,0,0,test,False
CADC0874,780,0,1,train,True
CADC0874,781,0,1,train,True
CADC0874,782,0,1,train,True
CADC0874,783,0,1,train,True
CADC0874,784,0,1,validation,False
CADC0874,785,0,1,train,True
CADC0874,786,0,1,train,True
CADC0874,787,0,1,train,True
CADC0874,788,0,1,train,True
CADC0874,789,0,1,train,True
CADC0874,790,1,1,train,False
CADC0874,791,0,1,train,True
CADC0874,792,0,0,test,False
CADC0874,793,0,1,train,True
CADC0874,794,0,1,train,True
CADC0874,795,0,1,train,True
CADC0874,796,0,1,validation,False
CADC0874,797,0,1,train,True
CADC0874,798,0,0,test,False
CADC0874,799,0,1,train,True
CADC0874,800,0,0,test,False
CADC0874,801,0,1,train,True
CADC0874,802,0,1,train,True
CADC0874,803,0,0,test,False
CADC0874,804,0,1,validation,False
CADC0874,805,0,0,test,False
CADC0874,806,0,1,train,True
CADC0874,807,0,1,train,True
CADC0874,808,0,1,validation,False
CADC0874,809,0,1,train,True
CADC0886,810,0,1,train,True
CADC0886,811,0,1,train,True
CADC0886,812,0,1,validation,False
CADC0886,813,0,0,test,False
CADC0886,814,0,0,test,False
CADC0886,815,0,1,train,True
CADC0886,816,0,1,train,True
CADC0886,817,1,0,test,False
CADC0886,818,1,1,train,False
CADC0886,819,1,1,validation,False
CADC0886,820,0,0,test,False
CADC0892,821,0,1,train,True
CADC0892,822,0,0,test,False
CADC0892,823,0,1,train,True
CADC0892,824,0,1,validation,False
CADC0892,825,0,1,train,True
CADC0892,826,0,1,train,True
CADC0892,827,0,0,test,False
CADC0892,828,0,0,test,False
CADC0892,829,0,1,validation,False
CADC0892,830,0,1,train,True
CADC0892,831,0,0,test,False
CADC0892,832,0,1,validation,False
CADC0892,833,0,1,train,True
CADC0892,834,0,1,train,True
CADC0892,835,0,0,test,False
CADC0892,836,0,1,train,True
CADC0892,837,0,1,train,True
CADC0892,838,0,1,train,True
CADC0892,839,0,1,train,True
CADC0892,840,0,1,train,True
CADC0892,841,0,0,test,False
CADC0892,842,0,1,train,True
CADC0892,843,0,1,train,True
CADC0892,844,0,1,train,True
CADC0892,845,0,1,validation,False
CADC0892,846,0,1,train,True
CADC0892,847,0,1,train,True
CADC0892,848,0,1,train,True
CADC0892,849,0,1,validation,False
CADC0892,850,0,1,train,True
CADC0892,851,0,1,train,True
CADC0892,852,1,1,validation,False
CADC0892,853,0,0,test,False
CADC0892,854,1,1,validation,False
CADC0892,855,0,1,train,True
CADC0892,856,0,0,test,False
CADC0892,857,0,1,train,True
CADC0892,858,0,1,train,True
CADC0892,859,1,1,train,False
CADC0892,860,0,0,test,False
CADC0892,861,1,0,test,False
CADC0892,862,0,1,train,True
CADC0892,863,0,0,test,False
CADC0892,864,0,1,validation,False
CADC0892,865,0,0,test,False
CADC0892,866,0,1,train,True
CADC0892,867,0,1,train,True
CADC0892,868,1,0,test,False
CADC0892,869,0,1,validation,False
CADC0892,870,1,0,test,False
CADC0892,871,0,0,test,False
CADC0892,872,0,1,train,True
CADC0892,873,0,1,train,True
CADC0892,874,0,1,validation,False
CADC0892,875,1,1,train,False
CADC0892,876,0,1,train,True
CADC0892,877,1,1,validation,False
CADC0892,878,0,1,train,True
CADC0892,879,0,1,train,True
CADC0892,880,0,1,train,True
CADC0892,881,0,1,train,True
CADC0892,882,1,1,train,False
CADC0892,883,0,0,test,False
CADC0892,884,0,1,validation,False
CADC0892,885,1,1,train,False
CADC0892,886,0,1,validation,False
CADC0892,887,0,1,train,True
CADC0892,888,1,1,train,False
CADC0892,889,0,1,train,True
CADC0892,890,0,1,train,True
CADC0892,891,1,1,train,False
CADC0892,892,0,1,train,True
CADC0892,893,0,1,train,True
CADC0892,894,0,1,train,True
CADC0892,895,0,0,test,False
CADC0892,896,0,1,train,True
CADC0892,897,1,1,train,False
CADC0892,898,0,1,train,True
CADC0892,899,0,1,train,True
CADC0892,900,0,1,train,True
CADC0892,901,0,1,train,True
CADC0892,902,0,1,validation,False
CADC0892,903,0,0,test,False
CADC0892,904,0,1,train,True
CADC0892,905,0,0,test,False
CADC0892,906,0,1,train,True
CADC0892,907,1,1,train,False
CADC0892,908,0,1,validation,False
CADC0892,909,0,1,train,True
CADC0892,910,0,1,train,True
CADC0892,911,1,1,train,False
CADC0892,912,0,0,test,False
CADC0892,913,0,1,validation,False
CADC0892,914,0,1,train,True
CADC0892,915,1,1,train,False
CADC0892,916,0,1,train,True
CADC0892,917,0,1,train,True
CADC0892,918,0,1,train,True
CADC0892,919,1,1,train,False
CADC0892,920,0,1,validation,False
CADC0892,921,0,1,train,True
CADC0892,922,0,1,train,True
CADC0892,923,0,0,test,False
CADC0892,924,0,1,train,True
CADC0892,925,0,0,test,False
CADC0892,926,1,1,validation,False
CADC0892,927,1,0,test,False
CADC0892,928,0,1,validation,False
CADC0892,929,0,0,test,False
CADC0892,930,0,1,validation,False
CADC0892,931,0,1,train,True
CADC0892,932,0,1,train,True
CADC0892,933,0,1,validation,False
CADC0892,934,0,1,train,True
CADC0892,935,0,1,train,True
CADC0892,936,0,1,train,True
CADC0892,937,1,0,test,False
CADC0892,938,0,1,train,True
CADC0892,939,0,1,train,True
CADC0892,940,0,1,train,True
CADC0892,941,0,1,train,True
CADC0892,942,0,1,train,True
CADC0892,943,0,1,validation,False
CADC0892,944,0,0,test,False
CADC0892,945,1,1,train,False
CADC0892,946,1,1,train,False
CADC0892,947,0,1,validation,False
CADC0892,948,0,1,train,True
CADC0892,949,0,0,test,False
CADC0892,950,1,1,train,False
CADC0892,951,1,1,train,False
CADC0892,952,0,0,test,False
CADC0892,953,0,0,test,False
CADC0892,954,0,0,test,False
CADC0892,955,1,1,train,False
CADC0892,956,1,0,test,False
CADC0892,957,0,0,test,False
CADC0892,958,0,1,train,True
CADC0892,959,0,1,train,True
CADC0892,960,1,1,train,False
CADC0892,961,0,0,test,False
CADC0892,962,1,1,train,False
CADC0892,963,0,1,validation,False
CADC0892,964,1,1,train,False
CADC0892,965,0,0,test,False
CADC0892,966,1,1,train,False
CADC0892,967,0,1,train,True
CADC0892,968,0,1,train,True
CADC0892,969,0,1,train,True
CADC0892,970,0,0,test,False
CADC0892,971,0,0,test,False
CADC0892,972,1,1,validation,False
CADC0892,973,0,1,train,True
CADC0892,974,0,0,test,False
CADC0892,975,1,1,train,False
CADC0892,976,0,1,train,True
CADC0892,977,0,0,test,False
CADC0892,978,1,1,validation,False
CADC0892,979,0,0,test,False
CADC0892,980,0,0,test,False
CADC0892,981,0,1,train,True
CADC0892,982,0,1,train,True
CADC0892,983,0,1,validation,False
CADC0892,984,0,1,validation,False
CADC0892,985,0,1,train,True
CADC0892,986,0,1,train,True
CADC0892,987,0,1,train,True
CADC0892,988,0,1,train,True
CADC0892,989,0,0,test,False
CADC0892,990,0,1,train,True
CADC0892,991,0,1,train,True
CADC0892,992,0,0,test,False
CADC0892,993,0,1,train,True
CADC0892,994,0,1,train,True
CADC0892,995,0,1,train,True
CADC0892,996,0,1,train,True
CADC0892,997,0,1,validation,False
CADC0892,998,0,1,train,True
CADC0892,999,0,1,train,True
CADC0892,1000,0,1,train,True
CADC0892,1001,0,0,test,False
CADC0892,1002,0,1,train,True
CADC0892,1003,0,0,test,False
CADC0892,1004,0,0,test,False
CADC0892,1005,0,0,test,False
CADC0892,1006,0,0,test,False
CADC0892,1007,0,1,train,True
CADC0892,1008,0,1,train,True
CADC0892,1009,0,1,train,True
CADC0892,1010,0,1,validation,False
CADC0892,1011,0,1,validation,False
CADC0892,1012,0,1,train,True
CADC0873,1013,1,1,train,False
CADC0873,1014,1,1,validation,False
CADC0873,1015,1,1,train,False
CADC0873,1016,0,0,test,False
CADC0873,1017,0,0,test,False
CADC0873,1018,0,1,validation,False
CADC0873,1019,0,1,train,True
CADC0873,1020,0,1,train,True
CADC0873,1021,0,1,train,True
CADC0873,1022,0,1,train,True
CADC0873,1023,0,1,train,True
CADC0873,1024,0,0,test,False
CADC0873,1025,1,1,validation,False
CADC0873,1026,0,1,train,True
CADC0873,1027,0,1,train,True
CADC0873,1028,0,1,train,True
CADC0873,1029,0,1,validation,False
CADC0873,1030,0,0,test,False
CADC0873,1031,0,1,train,True
CADC0873,1032,0,1,train,True
CADC0873,1033,0,1,train,True
CADC0873,1034,0,1,train,True
CADC0873,1035,0,1,train,True
CADC0873,1036,1,1,train,False
CADC0888,1037,0,1,train,True
CADC0888,1038,0,0,test,False
CADC0888,1039,0,0,test,False
CADC0888,1040,0,1,validation,False
CADC0888,1041,0,0,test,False
CADC0888,1042,0,1,train,True
CADC0888,1043,1,1,validation,False
CADC0888,1044,0,1,validation,False
CADC0888,1045,0,1,train,True
CADC0888,1046,0,1,train,True
CADC0888,1047,0,0,test,False
CADC0888,1048,0,1,train,True
CADC0888,1049,0,1,train,True
CADC0888,1050,0,1,train,True
CADC0888,1051,0,1,train,True
CADC0888,1052,0,1,train,True
CADC0888,1053,0,0,test,False
CADC0888,1054,0,0,test,False
CADC0888,1055,0,1,train,True
CADC0888,1056,0,1,train,True
CADC0888,1057,1,1,train,False
CADC0888,1058,0,0,test,False
CADC0888,1059,0,1,validation,False
CADC0888,1060,0,1,train,True
CADC0888,1061,0,1,train,True
CADC0888,1062,0,1,train,True
CADC0888,1063,0,1,train,True
CADC0888,1064,0,1,train,True
CADC0888,1065,0,1,train,True
CADC0888,1066,0,0,test,False
CADC0888,1067,0,1,train,True
CADC0888,1068,1,0,test,False
CADC0888,1069,0,1,train,True
CADC0888,1070,0,1,train,True
CADC0888,1071,0,1,validation,False
CADC0888,1072,0,0,test,False
CADC0888,1073,0,1,validation,False
CADC0888,1074,0,1,train,True
CADC0888,1075,0,1,train,True
CADC0888,1076,0,1,train,True
CADC0888,1077,0,1,validation,False
CADC0888,1078,0,1,train,True
CADC0888,1079,0,0,test,False
CADC0888,1080,1,1,train,False
CADC0888,1081,0,1,validation,False
CADC0888,1082,0,1,train,True
CADC0888,1083,0,1,validation,False
CADC0888,1084,0,1,train,True
CADC0888,1085,0,0,test,False
CADC0888,1086,0,1,train,True
CADC0888,1087,1,1,train,False
CADC0888,1088,0,1,train,True
CADC0888,1089,0,1,train,True
CADC0888,1090,0,1,train,True
CADC0888,1091,0,1,train,True
CADC0888,1092,0,1,train,True
CADC0888,1093,0,1,train,True
CADC0888,1094,0,1,train,True
CADC0894,1095,0,1,train,True
CADC0894,1096,0,1,train,True
CADC0894,1097,0,1,train,True
CADC0894,1098,0,1,train,True
CADC0894,1099,0,1,train,True
CADC0894,1100,0,1,train,True
CADC0894,1101,0,1,train,True
CADC0894,1102,0,0,test,False
CADC0894,1103,0,1,train,True
CADC0894,1104,0,1,train,True
CADC0894,1105,0,0,test,False
CADC0894,1106,0,1,train,True
CADC0894,1107,1,1,train,False
CADC0894,1108,0,1,train,True
CADC0894,1109,0,1,train,True
CADC0894,1110,0,1,train,True
CADC0894,1111,0,1,train,True
CADC0894,1112,0,0,test,False
CADC0894,1113,0,1,train,True
CADC0894,1114,0,1,train,True
CADC0894,1115,0,1,train,True
CADC0894,1116,0,0,test,False
CADC0894,1117,0,1,train,True
CADC0894,1118,0,1,train,True
CADC0894,1119,0,1,validation,False
CADC0894,1120,0,0,test,False
CADC0894,1121,0,1,validation,False
CADC0894,1122,0,1,train,True
CADC0894,1123,0,0,test,False
CADC0894,1124,0,1,train,True
CADC0894,1125,0,1,train,True
CADC0894,1126,0,0,test,False
CADC0894,1127,0,1,train,True
CADC0894,1128,0,1,train,True
CADC0894,1129,0,1,train,True
CADC0894,1130,0,1,validation,False
CADC0894,1131,0,1,validation,False
CADC0894,1132,0,0,test,False
CADC0894,1133,0,0,test,False
CADC0894,1134,1,1,train,False
CADC0894,1135,0,1,validation,False
CADC0894,1136,0,1,train,True
CADC0894,1137,0,1,train,True
CADC0894,1138,0,1,validation,False
CADC0894,1139,0,1,train,True
CADC0894,1140,0,1,validation,False
CADC0894,1141,0,1,train,True
CADC0894,1142,0,1,train,True
CADC0894,1143,0,1,train,True
CADC0894,1144,0,1,train,True
CADC0894,1145,0,1,train,True
CADC0894,1146,0,1,train,True
CADC0894,1147,0,1,train,True
CADC0894,1148,0,1,train,True
CADC0894,1149,0,1,train,True
CADC0894,1150,0,1,train,True
CADC0894,1151,0,1,train,True
CADC0894,1152,1,1,train,False
CADC0894,1153,0,1,train,True
CADC0894,1154,0,1,train,True
CADC0894,1155,0,1,train,True
CADC0894,1156,0,0,test,False
CADC0894,1157,0,1,train,True
CADC0894,1158,0,0,test,False
CADC0894,1159,0,1,train,True
CADC0894,1160,0,1,train,True
CADC0894,1161,0,1,validation,False
CADC0894,1162,0,1,train,True
CADC0894,1163,1,1,validation,False
CADC0894,1164,0,1,train,True
CADC0894,1165,0,1,train,True
CADC0894,1166,0,0,test,False
CADC0894,1167,0,1,train,True
CADC0894,1168,0,0,test,False
CADC0894,1169,0,1,train,True
CADC0894,1170,0,0,test,False
CADC0873,1171,0,1,validation,False
CADC0873,1172,0,1,validation,False
CADC0873,1173,0,1,train,True
CADC0873,1174,0,1,train,True
CADC0873,1175,0,1,validation,False
CADC0873,1176,0,0,test,False
CADC0873,1177,0,0,test,False
CADC0873,1178,0,1,validation,False
CADC0873,1179,0,1,train,True
CADC0873,1180,0,1,train,True
CADC0873,1181,0,1,train,True
CADC0873,1182,0,0,test,False
CADC0873,1183,1,0,test,False
CADC0873,1184,0,0,test,False
CADC0873,1185,0,1,train,True
CADC0873,1186,1,1,train,False
CADC0873,1187,0,1,train,True
CADC0873,1188,0,1,train,True
CADC0873,1189,1,0,test,False
CADC0873,1190,0,0,test,False
CADC0873,1191,0,1,validation,False
CADC0873,1192,1,1,train,False
CADC0873,1193,0,1,train,True
CADC0873,1194,0,0,test,False
CADC0873,1195,0,1,train,True
CADC0873,1196,0,1,train,True
CADC0873,1197,0,1,train,True
CADC0873,1198,0,0,test,False
CADC0873,1199,0,1,validation,False
CADC0873,1200,0,1,train,True
CADC0873,1201,0,0,test,False
CADC0873,1202,1,1,train,False
CADC0873,1203,0,0,test,False
CADC0873,1204,1,0,test,False
CADC0873,1205,0,0,test,False
CADC0873,1206,0,0,test,False
CADC0873,1207,1,1,train,False
CADC0873,1208,0,1,train,True
CADC0873,1209,0,1,train,True
CADC0873,1210,0,1,train,True
CADC0873,1211,0,1,train,True
CADC0873,1212,0,1,train,True
CADC0873,1213,1,1,train,False
CADC0873,1214,0,1,train,True
CADC0873,1215,0,0,test,False
CADC0873,1216,0,1,train,True
CADC0873,1217,0,1,train,True
CADC0873,1218,0,1,train,True
CADC0873,1219,0,1,train,True
CADC0873,1220,0,1,validation,False
CADC0873,1221,0,0,test,False
CADC0873,1222,0,1,train,True
CADC0873,1223,0,0,test,False
CADC0873,1224,0,1,train,True
CADC0873,1225,0,1,train,True
CADC0873,1226,0,1,train,True
CADC0873,1227,0,1,train,True
CADC0873,1228,0,1,train,True
CADC0873,1229,0,1,train,True
CADC0873,1230,0,1,train,True
CADC0873,1231,0,1,train,True
CADC0873,1232,0,1,train,True
CADC0873,1233,0,0,test,False
CADC0873,1234,0,1,train,True
CADC0873,1235,1,1,train,False
CADC0873,1236,0,1,train,True
CADC0873,1237,0,1,train,True
CADC0873,1238,0,1,train,True
CADC0873,1239,0,1,train,True
CADC0873,1240,0,0,test,False
CADC0873,1241,0,1,train,True
CADC0873,1242,0,0,test,False
CADC0873,1243,0,1,train,True
CADC0873,1244,0,1,train,True
CADC0873,1245,0,1,train,True
CADC0873,1246,0,1,validation,False
CADC0873,1247,0,1,train,True
CADC0873,1248,0,1,train,True
CADC0873,1249,0,1,train,True
CADC0873,1250,0,1,train,True
CADC0873,1251,0,1,train,True
CADC0873,1252,0,1,train,True
CADC0873,1253,0,0,test,False
CADC0873,1254,0,1,train,True
CADC0873,1255,0,1,train,True
CADC0873,1256,0,1,train,True
CADC0873,1257,0,0,test,False
CADC0873,1258,0,1,train,True
CADC0873,1259,0,0,test,False
CADC0873,1260,0,1,validation,False
CADC0873,1261,0,1,train,True
CADC0873,1262,0,0,test,False
CADC0873,1263,0,1,train,True
CADC0873,1264,0,1,validation,False
CADC0873,1265,0,1,train,True
CADC0873,1266,1,1,train,False
CADC0873,1267,0,0,test,False
CADC0873,1268,0,1,validation,False
CADC0873,1269,0,1,train,True
CADC0873,1270,0,1,train,True
CADC0873,1271,0,1,train,True
CADC0873,1272,0,1,train,True
CADC0873,1273,1,0,test,False
CADC0873,1274,0,1,train,True
CADC0873,1275,0,1,train,True
CADC0873,1276,0,0,test,False
CADC0873,1277,0,1,train,True
CADC0873,1278,0,0,test,False
CADC0873,1279,0,1,train,True
CADC0873,1280,0,1,train,True
CADC0873,1281,0,0,test,False
CADC0873,1282,0,0,test,False
CADC0873,1283,0,1,train,True
CADC0873,1284,0,1,validation,False
CADC0873,1285,0,1,validation,False
CADC0873,1286,0,0,test,False
CADC0873,1287,0,1,train,True
CADC0873,1288,0,0,test,False
CADC0873,1289,0,1,train,True
CADC0873,1290,0,1,train,True
CADC0873,1291,0,0,test,False
CADC0873,1292,0,1,train,True
CADC0873,1293,0,0,test,False
CADC0873,1294,0,1,validation,False
CADC0873,1295,0,0,test,False
CADC0873,1296,0,1,train,True
CADC0873,1297,0,1,validation,False
CADC0873,1298,0,1,train,True
CADC0873,1299,0,1,train,True
CADC0873,1300,0,1,train,True
CADC0873,1301,0,1,train,True
CADC0873,1302,0,1,train,True
CADC0873,1303,0,1,train,True
CADC0873,1304,0,0,test,False
CADC0873,1305,0,1,train,True
CADC0873,1306,0,1,train,True
CADC0873,1307,0,0,test,False
CADC0873,1308,0,1,validation,False
CADC0873,1309,1,0,test,False
CADC0873,1310,0,1,train,True
CADC0873,1311,0,0,test,False
CADC0873,1312,0,1,train,True
CADC0873,1313,0,0,test,False
CADC0873,1314,0,1,train,True
CADC0873,1315,0,1,validation,False
CADC0873,1316,0,0,test,False
CADC0873,1317,0,1,train,True
CADC0873,1318,0,1,validation,False
CADC0873,1319,0,1,train,True
CADC0873,1320,0,1,validation,False
CADC0873,1321,1,1,train,False
CADC0873,1322,0,1,train,True
CADC0873,1323,0,1,train,True
CADC0873,1324,0,0,test,False
CADC0873,1325,0,1,train,True
CADC0873,1326,0,1,train,True
CADC0873,1327,0,1,train,True
CADC0873,1328,0,1,train,True
CADC0873,1329,0,0,test,False
CADC0873,1330,1,0,test,False
CADC0873,1331,1,0,test,False
CADC0873,1332,0,1,validation,False
CADC0873,1333,0,1,validation,False
CADC0873,1334,0,1,train,True
CADC0873,1335,0,1,train,True
CADC0873,1336,0,0,test,False
CADC0873,1337,0,1,train,True
CADC0873,1338,0,0,test,False
CADC0873,1339,0,1,train,True
CADC0873,1340,0,1,train,True
CADC0873,1341,0,0,test,False
CADC0873,1342,0,1,train,True
CADC0873,1343,0,1,train,True
CADC0873,1344,0,1,train,True
CADC0873,1345,0,1,train,True
CADC0873,1346,0,0,test,False
CADC0873,1347,0,1,train,True
CADC0873,1348,0,1,validation,False
CADC0873,1349,0,1,train,True
CADC0873,1350,0,1,train,True
CADC0873,1351,0,1,train,True
CADC0873,1352,1,1,validation,False
CADC0873,1353,0,0,test,False
CADC0873,1354,0,1,train,True
CADC0873,1355,0,1,train,True
CADC0873,1356,0,1,train,True
CADC0873,1357,1,1,train,False
CADC0873,1358,0,1,train,True
CADC0873,1359,0,0,test,False
CADC0873,1360,0,0,test,False
CADC0873,1361,0,1,validation,False
CADC0873,1362,0,1,train,True
CADC0873,1363,0,1,train,True
CADC0873,1364,0,0,test,False
CADC0873,1365,0,1,train,True
CADC0873,1366,0,1,validation,False
CADC0873,1367,0,1,train,True
CADC0873,1368,0,1,train,True
CADC0873,1369,0,1,train,True
CADC0873,1370,0,1,validation,False
CADC0873,1371,0,1,train,True
CADC0873,1372,0,1,validation,False
CADC0873,1373,0,0,test,False
CADC0873,1374,0,0,test,False
CADC0873,1375,0,1,train,True
CADC0873,1376,0,1,train,True
CADC0873,1377,0,1,train,True
CADC0873,1378,0,1,train,True
CADC0873,1379,0,1,train,True
CADC0873,1380,0,1,train,True
CADC0873,1381,0,0,test,False
CADC0873,1382,0,1,train,True
CADC0873,1383,0,1,train,True
CADC0873,1384,0,0,test,False
CADC0873,1385,0,1,validation,False
CADC0873,1386,0,1,train,True
CADC0873,1387,0,1,train,True
CADC0873,1388,0,1,validation,False
CADC0873,1389,0,0,test,False
CADC0873,1390,0,1,train,True
CADC0873,1391,0,0,test,False
CADC0873,1392,0,1,train,True
CADC0873,1393,0,1,train,True
CADC0873,1394,0,0,test,False
CADC0873,1395,0,1,train,True
CADC0873,1396,0,1,validation,False
CADC0873,1397,0,1,validation,False
CADC0873,1398,0,1,train,True
CADC0873,1399,0,1,train,True
CADC0873,1400,0,1,train,True
CADC0873,1401,0,0,test,False
CADC0873,1402,0,0,test,False
CADC0873,1403,0,0,test,False
CADC0873,1404,0,1,train,True
CADC0873,1405,0,0,test,False
CADC0873,1406,0,1,validation,False
CADC0873,1407,0,1,validation,False
CADC0873,1408,0,0,test,False
CADC0873,1409,0,1,train,True
CADC0873,1410,0,1,train,True
CADC0873,1411,0,0,test,False
CADC0873,1412,0,0,test,False
CADC0873,1413,0,1,train,True
CADC0873,1414,0,1,validation,False
CADC0873,1415,0,1,train,True
CADC0873,1416,0,1,train,True
CADC0873,1417,0,1,train,True
CADC0873,1418,0,1,validation,False
CADC0873,1419,0,1,train,True
CADC0873,1420,0,1,train,True
CADC0873,1421,0,1,train,True
CADC0873,1422,0,0,test,False
CADC0873,1423,0,1,train,True
CADC0873,1424,0,1,train,True
CADC0873,1425,0,1,train,True
CADC0873,1426,0,1,train,True
CADC0873,1427,0,1,train,True
CADC0873,1428,0,1,train,True
CADC0873,1429,0,1,train,True
CADC0873,1430,0,0,test,False
CADC0873,1431,0,1,train,True
CADC0873,1432,0,1,validation,False
CADC0873,1433,0,1,train,True
CADC0873,1434,0,1,train,True
CADC0873,1435,0,1,train,True
CADC0873,1436,0,1,train,True
CADC0873,1437,0,0,test,False
CADC0873,1438,0,1,train,True
CADC0873,1439,0,1,train,True
CADC0873,1440,0,1,train,True
CADC0873,1441,0,1,train,True
CADC0873,1442,0,1,train,True
CADC0873,1443,0,1,train,True
CADC0873,1444,0,1,train,True
CADC0873,1445,0,0,test,False
CADC0873,1446,0,0,test,False
CADC0873,1447,0,1,train,True
CADC0873,1448,0,1,train,True
CADC0873,1449,0,1,train,True
CADC0873,1450,0,1,train,True
CADC0873,1451,0,1,validation,False
CADC0873,1452,0,1,train,True
CADC0873,1453,0,1,train,True
CADC0873,1454,0,1,train,True
CADC0873,1455,0,1,train,True
CADC0873,1456,0,0,test,False
CADC0873,1457,0,1,train,True
CADC0873,1458,0,1,train,True
CADC0873,1459,0,1,train,True
CADC0873,1460,0,0,test,False
CADC0873,1461,0,1,train,True
CADC0873,1462,0,0,test,False
CADC0873,1463,0,1,train,True
CADC0873,1464,0,1,train,True
CADC0873,1465,0,0,test,False
CADC0873,1466,0,0,test,False
CADC0873,1467,0,1,validation,False
CADC0873,1468,0,1,train,True
CADC0873,1469,0,1,validation,False
CADC0873,1470,0,1,validation,False
CADC0873,1471,0,0,test,False
CADC0873,1472,0,0,test,False
CADC0873,1473,0,0,test,False
CADC0873,1474,0,1,train,True
CADC0873,1475,0,0,test,False
CADC0873,1476,0,1,validation,False
CADC0873,1477,0,0,test,False
CADC0873,1478,0,0,test,False
CADC0873,1479,0,1,train,True
CADC0873,1480,0,1,train,True
CADC0873,1481,0,1,validation,False
CADC0873,1482,0,0,test,False
CADC0873,1483,0,0,test,False
CADC0873,1484,0,1,train,True
CADC0873,1485,0,1,train,True
CADC0873,1486,0,0,test,False
CADC0873,1487,0,1,train,True
CADC0873,1488,0,0,test,False
CADC0873,1489,0,1,train,True
CADC0873,1490,0,1,train,True
CADC0873,1491,0,1,train,True
CADC0873,1492,0,1,train,True
CADC0873,1493,0,0,test,False
CADC0873,1494,0,0,test,False
CADC0873,1495,0,0,test,False
CADC0873,1496,0,1,train,True
CADC0873,1497,0,1,train,True
CADC0873,1498,0,0,test,False
CADC0873,1499,0,1,train,True
CADC0873,1500,0,1,train,True
CADC0873,1501,0,0,test,False
CADC0873,1502,0,1,validation,False
CADC0873,1503,0,1,train,True
CADC0873,1504,0,1,train,True
CADC0873,1505,0,1,train,True
CADC0873,1506,0,1,train,True
CADC0873,1507,0,1,train,True
CADC0873,1508,0,1,train,True
CADC0873,1509,0,1,train,True
CADC0873,1510,0,1,train,True
CADC0873,1511,0,0,test,False
CADC0873,1512,0,0,test,False
CADC0873,1513,0,1,validation,False
CADC0873,1514,0,1,train,True
CADC0873,1515,0,1,train,True
CADC0873,1516,0,1,train,True
CADC0873,1517,0,1,train,True
CADC0873,1518,1,0,test,False
CADC0873,1519,0,1,validation,False
CADC0888,1520,0,1,validation,False
CADC0888,1521,0,1,train,True
CADC0888,1522,0,0,test,False
CADC0888,1523,0,1,train,True
CADC0888,1524,0,0,test,False
CADC0888,1525,0,0,test,False
CADC0888,1526,0,1,train,True
CADC0888,1527,0,0,test,False
CADC0888,1528,1,1,train,False
CADC0888,1529,0,1,train,True
CADC0888,1530,1,1,train,False
CADC0888,1531,0,1,train,True
CADC0888,1532,0,1,train,True
CADC0888,1533,0,1,train,True
CADC0888,1534,0,1,train,True
CADC0888,1535,0,1,train,True
CADC0888,1536,0,1,train,True
CADC0888,1537,1,1,train,False
CADC0888,1538,0,1,validation,False
CADC0888,1539,1,1,train,False
CADC0888,1540,0,1,train,True
CADC0888,1541,0,1,train,True
CADC0888,1542,0,0,test,False
CADC0888,1543,0,1,train,True
CADC0888,1544,1,1,validation,False
CADC0888,1545,0,1,train,True
CADC0888,1546,1,1,validation,False
CADC0888,1547,0,1,train,True
CADC0888,1548,0,1,train,True
CADC0888,1549,0,0,test,False
CADC0888,1550,0,0,test,False
CADC0888,1551,0,0,test,False
CADC0888,1552,0,1,train,True
CADC0888,1553,0,1,train,True
CADC0888,1554,0,0,test,False
CADC0888,1555,1,1,train,False
CADC0888,1556,0,1,train,True
CADC0888,1557,0,1,validation,False
CADC0888,1558,0,0,test,False
CADC0888,1559,1,1,train,False
CADC0888,1560,1,0,test,False
CADC0888,1561,0,1,train,True
CADC0888,1562,1,0,test,False
CADC0888,1563,0,1,train,True
CADC0888,1564,0,1,train,True
CADC0888,1565,0,1,train,True
CADC0888,1566,0,1,train,True
CADC0888,1567,1,1,train,False
CADC0888,1568,0,1,validation,False
CADC0888,1569,1,0,test,False
CADC0888,1570,0,1,train,True
CADC0888,1571,0,0,test,False
CADC0888,1572,0,1,train,True
CADC0888,1573,0,0,test,False
CADC0888,1574,0,0,test,False
CADC0888,1575,1,0,test,False
CADC0888,1576,0,1,train,True
CADC0888,1577,1,1,validation,False
CADC0888,1578,0,1,train,True
CADC0888,1579,1,0,test,False
CADC0888,1580,0,0,test,False
CADC0888,1581,0,1,train,True
CADC0888,1582,1,1,validation,False
CADC0888,1583,0,1,train,True
CADC0888,1584,0,0,test,False
CADC0888,1585,0,0,test,False
CADC0888,1586,0,1,train,True
CADC0888,1587,0,0,test,False
CADC0888,1588,0,0,test,False
CADC0888,1589,1,1,train,False
CADC0888,1590,0,1,train,True
CADC0888,1591,0,0,test,False
CADC0888,1592,0,1,validation,False
CADC0888,1593,0,1,train,True
CADC0888,1594,1,1,train,False
CADC0888,1595,1,0,test,False
CADC0888,1596,0,1,validation,False
CADC0888,1597,0,1,train,True
CADC0888,1598,0,1,train,True
CADC0888,1599,0,1,train,True
CADC0888,1600,0,0,test,False
CADC0888,1601,1,0,test,False
CADC0888,1602,0,1,validation,False
CADC0888,1603,0,0,test,False
CADC0888,1604,1,1,train,False
CADC0888,1605,1,1,train,False
CADC0888,1606,0,1,train,True
CADC0888,1607,0,1,validation,False
CADC0888,1608,0,1,train,True
CADC0888,1609,0,1,train,True
CADC0888,1610,1,1,train,False
CADC0888,1611,1,1,train,False
CADC0888,1612,1,1,validation,False
CADC0888,1613,0,0,test,False
CADC0888,1614,0,0,test,False
CADC0888,1615,1,1,train,False
CADC0888,1616,0,1,validation,False
CADC0888,1617,1,0,test,False
CADC0888,1618,0,0,test,False
CADC0888,1619,0,1,train,True
CADC0888,1620,0,0,test,False
CADC0888,1621,1,1,train,False
CADC0888,1622,0,1,validation,False
CADC0888,1623,0,1,validation,False
CADC0888,1624,0,1,train,True
CADC0888,1625,1,1,train,False
CADC0888,1626,1,1,validation,False
CADC0888,1627,0,1,train,True
CADC0888,1628,0,1,train,True
CADC0888,1629,1,1,train,False
CADC0888,1630,1,1,train,False
CADC0888,1631,0,1,train,True
CADC0888,1632,1,1,train,False
CADC0888,1633,0,0,test,False
CADC0888,1634,1,1,train,False
CADC0888,1635,0,1,train,True
CADC0888,1636,0,1,validation,False
CADC0888,1637,0,1,train,True
CADC0888,1638,1,1,train,False
CADC0888,1639,1,0,test,False
CADC0888,1640,0,1,train,True
CADC0888,1641,1,1,train,False
CADC0888,1642,1,1,validation,False
CADC0888,1643,0,0,test,False
CADC0888,1644,0,1,train,True
CADC0888,1645,0,1,validation,False
CADC0888,1646,1,1,train,False
CADC0888,1647,1,1,validation,False
CADC0888,1648,0,1,train,True
CADC0888,1649,0,0,test,False
CADC0888,1650,0,1,train,True
CADC0888,1651,1,1,train,False
CADC0888,1652,0,1,train,True
CADC0888,1653,1,1,train,False
CADC0888,1654,0,1,train,True
CADC0888,1655,0,1,train,True
CADC0888,1656,0,1,train,True
CADC0888,1657,0,0,test,False
CADC0888,1658,1,1,train,False
CADC0888,1659,1,0,test,False
CADC0888,1660,0,1,train,True
CADC0888,1661,0,1,validation,False
CADC0888,1662,1,1,train,False
CADC0888,1663,0,1,validation,False
CADC0888,1664,1,1,train,False
CADC0888,1665,0,0,test,False
CADC0888,1666,1,0,test,False
CADC0888,1667,0,0,test,False
CADC0888,1668,1,1,validation,False
CADC0888,1669,0,0,test,False
CADC0888,1670,0,1,train,True
CADC0888,1671,0,1,train,True
CADC0888,1672,1,1,train,False
CADC0888,1673,0,1,validation,False
CADC0888,1674,0,1,train,True
CADC0888,1675,0,1,train,True
CADC0888,1676,0,0,test,False
CADC0888,1677,0,1,train,True
CADC0888,1678,0,1,train,True
CADC0888,1679,0,1,train,True
CADC0888,1680,0,1,train,True
CADC0888,1681,0,1,train,True
CADC0888,1682,0,1,train,True
CADC0888,1683,0,1,train,True
CADC0888,1684,0,1,train,True
CADC0888,1685,0,0,test,False
CADC0888,1686,0,0,test,False
CADC0888,1687,0,1,train,True
CADC0888,1688,0,1,train,True
CADC0888,1689,0,1,validation,False
CADC0888,1690,1,1,train,False
CADC0888,1691,0,1,train,True
CADC0888,1692,0,1,train,True
CADC0888,1693,0,1,train,True
CADC0888,1694,1,1,train,False
CADC0888,1695,0,1,validation,False
CADC0888,1696,1,1,train,False
CADC0888,1697,0,1,train,True
CADC0888,1698,1,1,train,False
CADC0888,1699,0,0,test,False
CADC0888,1700,0,0,test,False
CADC0888,1701,0,1,train,True
CADC0888,1702,1,1,train,False
CADC0888,1703,0,1,train,True
CADC0888,1704,0,0,test,False
CADC0888,1705,0,1,train,True
CADC0888,1706,0,1,train,True
CADC0888,1707,0,1,validation,False
CADC0888,1708,1,1,train,False
CADC0888,1709,0,0,test,False
CADC0888,1710,0,0,test,False
CADC0888,1711,0,1,train,True
CADC0888,1712,0,0,test,False
CADC0888,1713,0,1,validation,False
CADC0890,1714,1,1,train,False
CADC0890,1715,1,1,train,False
CADC0890,1716,1,0,test,False
CADC0890,1717,1,1,validation,False
CADC0890,1718,1,1,train,False
CADC0890,1719,1,1,train,False
CADC0890,1720,0,1,train,True
CADC0890,1721,0,1,validation,False
CADC0890,1722,0,1,train,True
CADC0890,1723,1,1,validation,False
CADC0890,1724,1,1,train,False
CADC0890,1725,1,0,test,False
CADC0890,1726,1,1,train,False
CADC0890,1727,1,1,train,False
CADC0894,1728,0,0,test,False
CADC0894,1729,0,1,train,True
CADC0894,1730,0,1,validation,False
CADC0894,1731,0,1,train,True
CADC0894,1732,0,0,test,False
CADC0894,1733,0,1,train,True
CADC0894,1734,0,0,test,False
CADC0894,1735,0,0,test,False
CADC0894,1736,0,1,train,True
CADC0894,1737,1,1,train,False
CADC0894,1738,1,0,test,False
CADC0894,1739,1,1,train,False
CADC0894,1740,0,1,train,True
CADC0894,1741,0,1,validation,False
CADC0894,1742,1,1,train,False
CADC0894,1743,1,1,train,False
CADC0894,1744,1,0,test,False
CADC0894,1745,0,1,validation,False
CADC0894,1746,0,1,validation,False
CADC0894,1747,1,1,train,False
CADC0894,1748,1,0,test,False
CADC0894,1749,0,1,train,True
CADC0894,1750,0,1,validation,False
CADC0894,1751,1,0,test,False
CADC0894,1752,0,1,train,True
CADC0894,1753,0,1,validation,False
CADC0894,1754,0,1,validation,False
CADC0894,1755,0,1,train,True
CADC0894,1756,0,0,test,False
CADC0894,1757,0,0,test,False
CADC0894,1758,0,1,train,True
CADC0894,1759,0,0,test,False
CADC0894,1760,0,1,train,True
CADC0894,1761,0,0,test,False
CADC0894,1762,0,1,train,True
CADC0894,1763,0,0,test,False
CADC0894,1764,0,0,test,False
CADC0894,1765,0,1,train,True
CADC0894,1766,0,1,train,True
CADC0894,1767,0,1,train,True
CADC0894,1768,1,1,validation,False
CADC0894,1769,0,1,train,True
CADC0894,1770,0,1,validation,False
CADC0894,1771,0,0,test,False
CADC0894,1772,1,1,validation,False
CADC0894,1773,1,1,validation,False
CADC0894,1774,1,1,train,False
CADC0894,1775,0,1,train,True
CADC0894,1776,1,1,train,False
CADC0894,1777,0,1,train,True
CADC0894,1778,0,1,train,True
CADC0894,1779,1,1,train,False
CADC0894,1780,0,1,train,True
CADC0894,1781,1,1,train,False
CADC0894,1782,0,0,test,False
CADC0894,1783,0,1,train,True
CADC0894,1784,0,1,train,True
CADC0894,1785,0,1,validation,False
CADC0894,1786,0,1,validation,False
CADC0894,1787,0,1,train,True
CADC0894,1788,0,0,test,False
CADC0894,1789,0,1,train,True
CADC0894,1790,0,1,train,True
CADC0894,1791,0,1,validation,False
CADC0894,1792,0,1,train,True
CADC0894,1793,1,0,test,False
CADC0894,1794,0,1,train,True
CADC0894,1795,0,0,test,False
CADC0872,1796,0,1,train,True
CADC0872,1797,0,1,train,True
CADC0872,1798,0,1,train,True
CADC0872,1799,0,1,train,True
CADC0872,1800,1,1,train,False
CADC0872,1801,0,1,train,True
CADC0872,1802,0,1,train,True
CADC0872,1803,1,0,test,False
CADC0872,1804,1,1,train,False
CADC0872,1805,1,0,test,False
CADC0872,1806,0,1,train,True
CADC0872,1807,0,1,train,True
CADC0872,1808,0,1,train,True
CADC0872,1809,0,1,validation,False
CADC0872,1810,1,1,train,False
CADC0872,1811,1,1,train,False
CADC0872,1812,1,0,test,False
CADC0872,1813,0,1,train,True
CADC0872,1814,0,1,train,True
CADC0872,1815,1,1,train,False
CADC0872,1816,0,0,test,False
CADC0872,1817,1,1,validation,False
CADC0872,1818,0,1,validation,False
CADC0872,1819,0,1,train,True
CADC0872,1820,0,0,test,False
CADC0872,1821,0,0,test,False
CADC0872,1822,0,0,test,False
CADC0872,1823,0,1,train,True
CADC0872,1824,0,1,train,True
CADC0872,1825,0,1,train,True
CADC0872,1826,0,1,train,True
CADC0872,1827,0,1,train,True
CADC0872,1828,0,0,test,False
CADC0872,1829,0,1,train,True
CADC0872,1830,0,0,test,False
CADC0872,1831,0,1,train,True
CADC0872,1832,0,1,validation,False
CADC0872,1833,0,0,test,False
CADC0872,1834,0,1,train,True
CADC0872,1835,0,1,train,True
CADC0872,1836,0,1,train,True
CADC0872,1837,0,1,validation,False
CADC0872,1838,0,1,train,True
CADC0872,1839,0,1,train,True
CADC0872,1840,0,1,validation,False
CADC0872,1841,0,1,validation,False
CADC0872,1842,0,0,test,False
CADC0872,1843,0,1,train,True
CADC0872,1844,0,1,train,True
CADC0872,1845,0,1,train,True
CADC0872,1846,0,1,train,True
CADC0872,1847,0,1,train,True
CADC0872,1848,0,0,test,False
CADC0872,1849,0,1,train,True
CADC0872,1850,0,1,train,True
CADC0872,1851,0,1,train,True
CADC0872,1852,0,1,validation,False
CADC0872,1853,0,0,test,False
CADC0872,1854,0,1,validation,False
CADC0872,1855,0,1,train,True
CADC0872,1856,0,0,test,False
CADC0872,1857,0,1,train,True
CADC0872,1858,0,0,test,False
CADC0872,1859,0,1,validation,False
CADC0872,1860,0,0,test,False
CADC0872,1861,0,1,train,True
CADC0872,1862,0,1,train,True
CADC0872,1863,0,1,train,True
CADC0872,1864,0,1,train,True
CADC0872,1865,0,1,train,True
CADC0872,1866,0,1,train,True
CADC0872,1867,0,0,test,False
CADC0872,1868,0,0,test,False
CADC0872,1869,0,0,test,False
CADC0872,1870,0,1,train,True
CADC0872,1871,0,1,train,True
CADC0872,1872,0,0,test,False
CADC0872,1873,0,1,train,True
CADC0872,1874,0,1,train,True
CADC0872,1875,0,1,train,True
CADC0872,1876,0,1,train,True
CADC0872,1877,0,1,validation,False
CADC0872,1878,0,1,train,True
CADC0872,1879,0,1,train,True
CADC0872,1880,0,1,validation,False
CADC0872,1881,0,1,train,True
CADC0872,1882,0,1,train,True
CADC0872,1883,0,1,train,True
CADC0872,1884,0,1,train,True
CADC0872,1885,0,1,train,True
CADC0872,1886,0,1,train,True
CADC0872,1887,0,1,validation,False
CADC0872,1888,0,1,validation,False
CADC0872,1889,0,1,validation,False
CADC0872,1890,0,0,test,False
CADC0872,1891,0,1,train,True
CADC0872,1892,0,0,test,False
CADC0872,1893,0,0,test,False
CADC0872,1894,0,1,train,True
CADC0872,1895,0,0,test,False
CADC0872,1896,0,1,train,True
CADC0872,1897,0,1,train,True
CADC0872,1898,0,1,train,True
CADC0872,1899,0,1,train,True
CADC0872,1900,0,1,train,True
CADC0872,1901,0,1,train,True
CADC0872,1902,0,1,train,True
CADC0872,1903,0,1,train,True
CADC0872,1904,0,0,test,False
CADC0872,1905,0,1,train,True
CADC0872,1906,0,0,test,False
CADC0872,1907,0,1,train,True
CADC0872,1908,0,1,train,True
CADC0872,1909,0,1,train,True
CADC0872,1910,0,1,train,True
CADC0872,1911,0,1,train,True
CADC0872,1912,0,1,train,True
CADC0872,1913,0,0,test,False
CADC0872,1914,0,0,test,False
CADC0872,1915,0,0,test,False
CADC0872,1916,0,1,validation,False
CADC0872,1917,0,0,test,False
CADC0872,1918,0,0,test,False
CADC0872,1919,0,1,train,True
CADC0872,1920,0,1,train,True
CADC0872,1921,0,0,test,False
CADC0872,1922,0,1,train,True
CADC0872,1923,0,0,test,False
CADC0872,1924,0,1,train,True
CADC0872,1925,0,1,train,True
CADC0872,1926,0,1,train,True
CADC0872,1927,0,1,train,True
CADC0872,1928,0,1,train,True
CADC0872,1929,0,0,test,False
CADC0872,1930,0,1,train,True
CADC0872,1931,0,1,validation,False
CADC0872,1932,0,1,train,True
CADC0872,1933,0,1,validation,False
CADC0872,1934,0,1,train,True
CADC0872,1935,0,1,train,True
CADC0872,1936,0,1,train,True
CADC0872,1937,0,1,train,True
CADC0872,1938,0,0,test,False
CADC0872,1939,1,1,train,False
CADC0872,1940,0,1,train,True
CADC0872,1941,0,1,train,True
CADC0872,1942,1,1,train,False
CADC0872,1943,0,1,train,True
CADC0872,1944,0,1,validation,False
CADC0872,1945,1,1,train,False
CADC0872,1946,1,1,train,False
CADC0872,1947,1,1,train,False
CADC0872,1948,1,1,validation,False
CADC0872,1949,1,0,test,False
CADC0872,1950,1,1,train,False
CADC0872,1951,1,1,train,False
CADC0872,1952,1,1,train,False
CADC0872,1953,1,0,test,False
CADC0872,1954,0,0,test,False
CADC0872,1955,1,0,test,False
CADC0872,1956,1,0,test,False
CADC0872,1957,1,0,test,False
CADC0872,1958,0,1,train,True
CADC0872,1959,0,1,train,True
CADC0872,1960,0,0,test,False
CADC0872,1961,1,1,train,False
CADC0872,1962,0,0,test,False
CADC0872,1963,1,1,train,False
CADC0872,1964,0,0,test,False
CADC0872,1965,0,1,train,True
CADC0872,1966,0,1,train,True
CADC0872,1967,1,0,test,False
CADC0872,1968,0,0,test,False
CADC0872,1969,1,1,validation,False
CADC0872,1970,0,1,train,True
CADC0872,1971,0,1,train,True
CADC0872,1972,1,1,train,False
CADC0872,1973,0,0,test,False
CADC0872,1974,1,1,train,False
CADC0872,1975,0,0,test,False
CADC0872,1976,0,1,train,True
CADC0872,1977,0,1,train,True
CADC0872,1978,0,1,validation,False
CADC0872,1979,0,1,train,True
CADC0872,1980,0,1,train,True
CADC0872,1981,0,1,train,True
CADC0872,1982,0,1,train,True
CADC0872,1983,0,1,train,True
CADC0872,1984,0,1,train,True
CADC0872,1985,0,1,validation,False
CADC0872,1986,0,0,test,False
CADC0872,1987,0,1,train,True
CADC0872,1988,0,0,test,False
CADC0872,1989,0,1,validation,False
CADC0872,1990,0,0,test,False
CADC0872,1991,0,1,train,True
CADC0872,1992,0,1,train,True
CADC0872,1993,0,1,validation,False
CADC0872,1994,0,1,train,True
CADC0872,1995,0,1,train,True
CADC0872,1996,1,0,test,False
CADC0872,1997,1,1,validation,False
CADC0872,1998,0,1,train,True
CADC0872,1999,0,0,test,False
CADC0872,2000,1,1,train,False
CADC0872,2001,0,1,train,True
CADC0872,2002,0,1,train,True
CADC0872,2003,0,1,train,True
CADC0872,2004,0,1,validation,False
CADC0872,2005,0,1,train,True
CADC0872,2006,0,1,train,True
CADC0872,2007,1,1,train,False
CADC0872,2008,1,1,train,False
CADC0872,2009,0,1,validation,False
CADC0872,2010,0,1,validation,False
CADC0872,2011,0,1,train,True
CADC0872,2012,0,1,train,True
CADC0872,2013,1,1,train,False
CADC0872,2014,0,1,validation,False
CADC0872,2015,0,1,train,True
CADC0872,2016,0,1,validation,False
CADC0872,2017,1,0,test,False
CADC0872,2018,0,0,test,False
CADC0872,2019,0,1,train,True
CADC0872,2020,0,1,validation,False
CADC0872,2021,0,1,validation,False
CADC0872,2022,1,1,validation,False
CADC0872,2023,0,0,test,False
CADC0872,2024,0,1,train,True
CADC0872,2025,0,1,train,True
CADC0872,2026,1,1,train,False
CADC0872,2027,0,1,train,True
CADC0872,2028,0,1,train,True
CADC0872,2029,0,1,train,True
CADC0872,2030,0,1,train,True
CADC0872,2031,0,1,train,True
CADC0872,2032,0,1,train,True
CADC0872,2033,0,1,validation,False
CADC0872,2034,0,1,train,True
CADC0872,2035,0,1,train,True
CADC0872,2036,0,0,test,False
CADC0872,2037,0,1,train,True
CADC0872,2038,0,1,train,True
CADC0872,2039,0,1,validation,False
CADC0872,2040,0,0,test,False
CADC0872,2041,0,0,test,False
CADC0872,2042,0,0,test,False
CADC0872,2043,0,1,train,True
CADC0872,2044,0,1,train,True
CADC0872,2045,0,1,train,True
CADC0872,2046,0,1,train,True
CADC0872,2047,0,1,train,True
CADC0872,2048,0,1,train,True
CADC0872,2049,0,1,train,True
CADC0872,2050,0,1,train,True
CADC0872,2051,0,1,train,True
CADC0872,2052,0,1,train,True
CADC0872,2053,1,1,validation,False
CADC0872,2054,0,1,train,True
CADC0872,2055,0,1,train,True
CADC0872,2056,0,1,train,True
CADC0872,2057,0,1,train,True
CADC0872,2058,0,0,test,False
CADC0872,2059,0,1,validation,False
CADC0872,2060,0,1,train,True
CADC0872,2061,0,1,train,True
CADC0872,2062,0,1,validation,False
CADC0872,2063,0,1,train,True
CADC0872,2064,0,1,train,True
CADC0872,2065,1,0,test,False
CADC0872,2066,0,0,test,False
CADC0872,2067,0,1,train,True
CADC0872,2068,1,0,test,False
CADC0872,2069,1,1,validation,False
CADC0872,2070,1,1,validation,False
CADC0872,2071,1,1,train,False
CADC0872,2072,1,1,train,False
CADC0872,2073,1,1,train,False
CADC0872,2074,0,1,train,True
CADC0872,2075,0,1,validation,False
CADC0872,2076,0,0,test,False
CADC0872,2077,0,1,train,True
CADC0872,2078,0,1,train,True
CADC0872,2079,0,0,test,False
CADC0872,2080,0,1,validation,False
CADC0872,2081,0,0,test,False
CADC0872,2082,0,1,train,True
CADC0872,2083,0,0,test,False
CADC0872,2084,1,1,validation,False
CADC0872,2085,0,0,test,False
CADC0872,2086,0,1,train,True
CADC0872,2087,0,0,test,False
CADC0872,2088,0,1,train,True
CADC0872,2089,0,0,test,False
CADC0872,2090,1,0,test,False
CADC0872,2091,0,1,train,True
CADC0872,2092,0,1,train,True
CADC0872,2093,0,1,validation,False
CADC0872,2094,0,0,test,False
CADC0872,2095,0,1,validation,False
CADC0872,2096,0,1,validation,False
CADC0872,2097,0,1,train,True
CADC0872,2098,0,1,train,True
CADC0872,2099,0,1,train,True
CADC0872,2100,0,1,train,True
CADC0872,2101,0,1,train,True
CADC0872,2102,1,1,validation,False
CADC0872,2103,1,0,test,False
CADC0872,2104,0,0,test,False
CADC0872,2105,0,1,train,True
CADC0872,2106,1,1,train,False
CADC0872,2107,0,1,train,True
CADC0872,2108,0,0,test,False
CADC0872,2109,0,0,test,False
CADC0872,2110,0,1,train,True
CADC0872,2111,0,0,test,False
CADC0872,2112,0,1,train,True
CADC0872,2113,0,1,train,True
CADC0872,2114,0,0,test,False
CADC0872,2115,1,1,train,False
CADC0872,2116,0,0,test,False
CADC0872,2117,0,1,train,True
CADC0872,2118,0,1,train,True
CADC0872,2119,0,0,test,False
CADC0872,2120,0,1,validation,False
CADC0872,2121,0,1,validation,False
CADC0872,2122,0,1,train,True
CADC0872,2123,1,1,train,False
